id,temp,lvl,time,sex,rep,prod,dead,t_coma
38-500-M-1,38,500,56.09570087,M,1,0,1,19.45
38-500-M-2,38,500,56.09570087,M,2,0,1,11.53
38-500-M-3,38,500,56.09570087,M,3,0,1,13.62
38-500-M-4,38,500,56.09570087,M,4,0,1,16.15
38-500-M-5,38,500,56.09570087,M,5,0,1,15.72
38-500-M-6,38,500,56.09570087,M,6,0,1,12.95
38-500-M-7,38,500,56.09570087,M,7,0,1,12.53
38-500-M-8,38,500,56.09570087,M,8,4.19,1,7.97
38-500-M-9,38,500,56.09570087,M,9,0,1,12.51
38-400-M-1,38,400,44.8765607,M,1,0,0,14.86
38-400-M-2,38,400,44.8765607,M,2,0,0,11.26
38-400-M-3,38,400,44.8765607,M,3,0,1,12.1
38-400-M-4,38,400,44.8765607,M,4,0,1,12.02
38-400-M-5,38,400,44.8765607,M,5,0,1,11.52
38-400-M-6,38,400,44.8765607,M,6,0,1,5.6
38-400-M-7,38,400,44.8765607,M,7,0,1,2.62
38-400-M-8,38,400,44.8765607,M,8,0,1,6.98
38-400-M-9,38,400,44.8765607,M,9,1.43,1,11.51
38-300-M-1,38,300,33.65742052,M,1,0,0,6.15
38-300-M-2,38,300,33.65742052,M,2,0,1,13
38-300-M-3,38,300,33.65742052,M,3,0,1,11.75
38-300-M-4,38,300,33.65742052,M,4,0,0,6.32
38-300-M-5,38,300,33.65742052,M,5,0,0,6.32
38-300-M-6,38,300,33.65742052,M,6,0,1,6.32
38-300-M-7,38,300,33.65742052,M,7,0,1,13
38-300-M-8,38,300,33.65742052,M,8,0,1,13.35
38-300-M-9,38,300,33.65742052,M,9,0,0,11.97
38-300-M-10,38,300,33.65742052,M,10,0,0,6.55
38-300-M-11,38,300,33.65742052,M,11,0,0,11.67
38-300-M-12,38,300,33.65742052,M,12,0,0,3.17
38-300-M-13,38,300,33.65742052,M,13,0,0,6.8
38-300-M-14,38,300,33.65742052,M,14,0,0,13.1
38-300-M-15,38,300,33.65742052,M,15,0,1,12.8
38-300-M-16,38,300,33.65742052,M,16,3.33,0,8.87
38-300-M-17,38,300,33.65742052,M,17,0.38,0,11.03
38-300-M-18,38,300,33.65742052,M,18,0,0,16.21
38-300-M-19,38,300,33.65742052,M,19,2.1,0,9.39
38-300-M-20,38,300,33.65742052,M,20,2.86,0,7.22
38-300-M-21,38,300,33.65742052,M,21,0,0,11.55
38-300-M-22,38,300,33.65742052,M,22,0,1,12.39
38-300-M-23,38,300,33.65742052,M,23,0.57,0,5.55
38-300-M-24,38,300,33.65742052,M,24,4.86,0,11.02
38-250-M-1,38,250,28.04785044,M,1,0,0,8.68
38-250-M-2,38,250,28.04785044,M,2,0.44,0,13.02
38-250-M-3,38,250,28.04785044,M,3,3.05,0,13.02
38-250-M-4,38,250,28.04785044,M,4,0,0,8.67
38-250-M-5,38,250,28.04785044,M,5,0,1,21.5
38-250-M-6,38,250,28.04785044,M,6,0,0,12.5
38-250-M-7,38,250,28.04785044,M,7,0,0,12.5
38-250-M-8,38,250,28.04785044,M,8,0,0,24.5
38-250-M-9,38,250,28.04785044,M,9,0,0,20
38-250-M-10,38,250,28.04785044,M,10,0,0,12.75
38-250-M-11,38,250,28.04785044,M,11,0,0,12.5
38-250-M-12,38,250,28.04785044,M,12,0,0,5.87
38-250-M-13,38,250,28.04785044,M,13,0,1,12.33
38-250-M-14,38,250,28.04785044,M,14,0,0,8.5
38-250-M-15,38,250,28.04785044,M,15,0,0,
38-200-M-1,38,200,22.43828035,M,1,4.47,0,7
38-200-M-2,38,200,22.43828035,M,2,0,0,7.78
38-200-M-3,38,200,22.43828035,M,3,0,0,7.18
38-200-M-4,38,200,22.43828035,M,4,9.6,0,7.52
38-200-M-5,38,200,22.43828035,M,5,4.47,0,7.22
38-200-M-6,38,200,22.43828035,M,6,0,0,7.85
38-200-M-7,38,200,22.43828035,M,7,0,0,7.53
38-200-M-8,38,200,22.43828035,M,8,0,0,8
38-200-M-9,38,200,22.43828035,M,9,3.82,0,5.5
38-200-M-10,38,200,22.43828035,M,10,2.4,1,6.92
38-200-M-11,38,200,22.43828035,M,11,4.15,0,7.48
38-200-M-12,38,200,22.43828035,M,12,2.84,0,6.5
38-200-M-13,38,200,22.43828035,M,13,0,0,4.33
38-200-M-14,38,200,22.43828035,M,14,0,1,7
38-200-M-15,38,200,22.43828035,M,15,0,0,8.05
38-175-M-1,38,175,19.63349531,M,1,0,0,10.77
38-175-M-2,38,175,19.63349531,M,2,4.8,0,10.77
38-175-M-3,38,175,19.63349531,M,3,6.55,0,10.97
38-175-M-4,38,175,19.63349531,M,4,1.75,0,10.97
38-175-M-5,38,175,19.63349531,M,5,3.05,0,11
38-175-M-6,38,175,19.63349531,M,6,0,0,11
38-175-M-7,38,175,19.63349531,M,7,7.2,0,7.92
38-175-M-8,38,175,19.63349531,M,8,5.89,0,8
38-175-M-9,38,175,19.63349531,M,9,2.29,0,5.27
38-175-M-10,38,175,19.63349531,M,10,0,1,11.42
38-175-M-11,38,175,19.63349531,M,11,1.42,0,9.5
38-175-M-12,38,175,19.63349531,M,12,3.49,0,16
38-175-M-13,38,175,19.63349531,M,13,4.04,0,18.33
38-175-M-14,38,175,19.63349531,M,14,0,0,14.92
38-175-M-15,38,175,19.63349531,M,15,0,1,9.83
38-150-M-1,38,150,16.82871026,M,1,2.84,0,10.5
38-150-M-2,38,150,16.82871026,M,2,8.95,0,12.5
38-150-M-3,38,150,16.82871026,M,3,4.91,0,8.15
38-150-M-4,38,150,16.82871026,M,4,0,0,8.2
38-150-M-5,38,150,16.82871026,M,5,3.05,0,12
38-150-M-6,38,150,16.82871026,M,6,1.09,0,13
38-150-M-7,38,150,16.82871026,M,7,0,1,5.5
38-150-M-8,38,150,16.82871026,M,8,5.35,0,14
38-150-M-9,38,150,16.82871026,M,9,5.02,0,5.75
38-150-M-10,38,150,16.82871026,M,10,6.76,0,5.75
38-150-M-11,38,150,16.82871026,M,11,2.95,0,12.33
38-150-M-12,38,150,16.82871026,M,12,5.24,0,5.67
38-150-M-13,38,150,16.82871026,M,13,0,0,5.83
38-150-M-14,38,150,16.82871026,M,14,1.96,0,12.77
38-150-M-15,38,150,16.82871026,M,15,0,1,3.43
38-125-M-1,38,125,14.02392522,M,1,4.36,0,5.5
38-125-M-2,38,125,14.02392522,M,2,0,1,5.58
38-125-M-3,38,125,14.02392522,M,3,3.82,0,5.68
38-125-M-4,38,125,14.02392522,M,4,5.45,0,5.5
38-125-M-5,38,125,14.02392522,M,5,2.18,0,7
38-125-M-6,38,125,14.02392522,M,6,0.44,0,7.17
38-125-M-7,38,125,14.02392522,M,7,0,0,7.17
38-125-M-8,38,125,14.02392522,M,8,0,1,7.53
38-125-M-9,38,125,14.02392522,M,9,5.35,0,7.67
38-125-M-10,38,125,14.02392522,M,10,4.25,0,7.5
38-125-M-11,38,125,14.02392522,M,11,3.27,0,7.33
38-125-M-12,38,125,14.02392522,M,12,0,0,7.42
38-125-M-13,38,125,14.02392522,M,13,1.31,0,7.5
38-125-M-14,38,125,14.02392522,M,14,0,1,3.5
38-125-M-15,38,125,14.02392522,M,15,8.95,0,7.58
38-100-M-1,38,100,11.21914017,M,1,7.75,0,
38-100-M-2,38,100,11.21914017,M,2,0.76,0,6
38-100-M-3,38,100,11.21914017,M,3,2.4,1,9.5
38-100-M-4,38,100,11.21914017,M,4,0,1,6.5
38-100-M-5,38,100,11.21914017,M,5,4.25,0,9.65
38-100-M-6,38,100,11.21914017,M,6,6.22,0,
38-100-M-7,38,100,11.21914017,M,7,4.58,0,
38-100-M-8,38,100,11.21914017,M,8,2.95,0,7.33
38-100-M-9,38,100,11.21914017,M,9,0,0,
38-100-M-10,38,100,11.21914017,M,10,6.76,0,9.5
38-100-M-11,38,100,11.21914017,M,11,3.38,0,9.83
38-100-M-12,38,100,11.21914017,M,12,5.13,0,
38-100-M-13,38,100,11.21914017,M,13,3.71,0,9.5
38-100-M-14,38,100,11.21914017,M,14,9.82,0,7.17
38-100-M-15,38,100,11.21914017,M,15,0,1,6.5
38-75-M-1,38,75,8.414355131,M,1,4.15,0,
38-75-M-2,38,75,8.414355131,M,2,2.84,0,
38-75-M-3,38,75,8.414355131,M,3,5.67,0,6.5
38-75-M-4,38,75,8.414355131,M,4,4.91,0,
38-75-M-5,38,75,8.414355131,M,5,0,0,6.7
38-75-M-6,38,75,8.414355131,M,6,1.75,0,
38-75-M-7,38,75,8.414355131,M,7,4.8,0,
38-75-M-8,38,75,8.414355131,M,8,5.89,0,
38-75-M-9,38,75,8.414355131,M,9,3.71,0,
38-75-M-10,38,75,8.414355131,M,10,4.58,0,
38-75-M-11,38,75,8.414355131,M,11,9.05,0,
38-75-M-12,38,75,8.414355131,M,12,0,1,
38-75-M-13,38,75,8.414355131,M,13,5.78,0,
38-75-M-14,38,75,8.414355131,M,14,6.55,0,
38-75-M-15,38,75,8.414355131,M,15,10.91,1,5.67
38-50-M-1,38,50,5.609570087,M,1,2.84,0,
38-50-M-2,38,50,5.609570087,M,2,2.62,0,
38-50-M-3,38,50,5.609570087,M,3,5.02,0,
38-50-M-4,38,50,5.609570087,M,4,5.67,0,
38-50-M-5,38,50,5.609570087,M,5,6.44,0,
38-50-M-6,38,50,5.609570087,M,6,0,1,4.97
38-50-M-7,38,50,5.609570087,M,7,0,1,5.67
38-50-M-8,38,50,5.609570087,M,8,6.55,1,
38-50-M-9,38,50,5.609570087,M,9,5.24,0,
38-50-M-10,38,50,5.609570087,M,10,0,1,
38-50-M-11,38,50,5.609570087,M,11,0,0,
38-50-M-12,38,50,5.609570087,M,12,0,1,2.67
38-50-M-13,38,50,5.609570087,M,13,5.13,0,
38-50-M-14,38,50,5.609570087,M,14,3.49,0,5.17
38-50-M-15,38,50,5.609570087,M,15,3.05,0,5.17
38-25-M-1,38,25,2.804785044,M,1,5.78,0,
38-25-M-2,38,25,2.804785044,M,2,3.27,0,
38-25-M-3,38,25,2.804785044,M,3,4.47,1,
38-25-M-4,38,25,2.804785044,M,4,7.09,0,
38-25-M-5,38,25,2.804785044,M,5,5.56,0,
38-25-M-6,38,25,2.804785044,M,6,2.84,0,
38-25-M-7,38,25,2.804785044,M,7,5.89,0,
38-25-M-8,38,25,2.804785044,M,8,1.09,0,
38-25-M-9,38,25,2.804785044,M,9,2.95,0,
38-25-M-10,38,25,2.804785044,M,10,3.71,0,
38-25-M-11,38,25,2.804785044,M,11,2.95,0,
38-25-M-12,38,25,2.804785044,M,12,6.11,0,
38-25-M-13,38,25,2.804785044,M,13,0,1,
38-25-M-14,38,25,2.804785044,M,14,2.51,0,
38-25-M-15,38,25,2.804785044,M,15,5.35,0,
37-300-M-1,37,300,83.45,M,1,0,1,32.41
37-300-M-2,37,300,83.45,M,2,0,1,47.45
37-300-M-3,37,300,83.45,M,3,0,1,52.33
37-300-M-4,37,300,83.45,M,4,0,1,30.88
37-300-M-5,37,300,83.45,M,5,0,1,57.4
37-300-M-6,37,300,83.45,M,6,0,1,36.62
37-300-M-7,37,300,83.45,M,7,0,1,28.27
37-300-M-8,37,300,83.45,M,8,0,1,31.76
37-300-M-9,37,300,83.45,M,9,0,1,42.79
37-300-M-10,37,300,83.45,M,10,0,1,37.36
37-300-M-11,37,300,83.45,M,11,0,1,38.84
37-300-M-12,37,300,83.45,M,12,0,1,26.78
37-300-M-13,37,300,83.45,M,13,0,1,28.99
37-300-M-14,37,300,83.45,M,14,0,1,24.56
37-300-M-15,37,300,83.45,M,15,0,1,34.67
37-250-M-1,37,250,69.54166667,M,1,0,1,31.43
37-250-M-2,37,250,69.54166667,M,2,0,1,55.38
37-250-M-3,37,250,69.54166667,M,3,0,1,54.93
37-250-M-4,37,250,69.54166667,M,4,0,1,25.52
37-250-M-5,37,250,69.54166667,M,5,0,1,46.97
37-250-M-6,37,250,69.54166667,M,6,0,1,28.76
37-250-M-7,37,250,69.54166667,M,7,0,1,54.77
37-250-M-8,37,250,69.54166667,M,8,0,1,32.52
37-250-M-9,37,250,69.54166667,M,9,0,1,26.65
37-250-M-10,37,250,69.54166667,M,10,0,1,52.26
37-250-M-11,37,250,69.54166667,M,11,0,1,33.09
37-250-M-12,37,250,69.54166667,M,12,0,1,50.14
37-250-M-13,37,250,69.54166667,M,13,0,1,33.52
37-250-M-14,37,250,69.54166667,M,14,0,1,30.74
37-250-M-15,37,250,69.54166667,M,15,0,1,31.58
37-200-M-1,37,200,55.63333333,M,1,2.37,0,38.42
37-200-M-2,37,200,55.63333333,M,2,1.44,0,39.22
37-200-M-3,37,200,55.63333333,M,3,1.27,1,39.38
37-200-M-4,37,200,55.63333333,M,4,0,1,39.25
37-200-M-5,37,200,55.63333333,M,5,0.51,0,22.82
37-200-M-6,37,200,55.63333333,M,6,0,1,22.82
37-200-M-7,37,200,55.63333333,M,7,0,1,30.63
37-200-M-8,37,200,55.63333333,M,8,2.37,0,48.27
37-200-M-9,37,200,55.63333333,M,9,2.62,0,39.13
37-200-M-10,37,200,55.63333333,M,10,0,0,46.2
37-200-M-11,37,200,55.63333333,M,11,0,0,30.57
37-200-M-12,37,200,55.63333333,M,12,2.87,1,48
37-200-M-13,37,200,55.63333333,M,13,4.82,0,54
37-200-M-14,37,200,55.63333333,M,14,2.03,1,12.63
37-200-M-15,37,200,55.63333333,M,15,4.56,1,
37-175-M-1,37,175,48.67916667,M,1,3.63,0,36.17
37-175-M-2,37,175,48.67916667,M,2,2.79,0,29.02
37-175-M-3,37,175,48.67916667,M,3,3.3,1,37.17
37-175-M-4,37,175,48.67916667,M,4,0.17,0,37.38
37-175-M-5,37,175,48.67916667,M,5,3.38,0,18.67
37-175-M-6,37,175,48.67916667,M,6,6,0,18.67
37-175-M-7,37,175,48.67916667,M,7,2.45,0,
37-175-M-8,37,175,48.67916667,M,8,0.25,0,29.33
37-175-M-9,37,175,48.67916667,M,9,1.94,0,29.52
37-175-M-10,37,175,48.67916667,M,10,0,0,30.02
37-175-M-11,37,175,48.67916667,M,11,0.68,0,48.25
37-175-M-12,37,175,48.67916667,M,12,1.86,0,50.2
37-175-M-13,37,175,48.67916667,M,13,0.17,0,
37-175-M-14,37,175,48.67916667,M,14,0,1,46.47
37-175-M-15,37,175,48.67916667,M,15,0,0,18.95
37-150-M-1,37,150,41.725,M,1,0,0,13.67
37-150-M-2,37,150,41.725,M,2,0,0,37.33
37-150-M-3,37,150,41.725,M,3,0.93,0,39.17
37-150-M-4,37,150,41.725,M,4,4.14,0,
37-150-M-5,37,150,41.725,M,5,2.28,0,
37-150-M-6,37,150,41.725,M,6,3.21,0,
37-150-M-7,37,150,41.725,M,7,0,0,
37-150-M-8,37,150,41.725,M,8,0.51,0,
37-150-M-9,37,150,41.725,M,9,0,1,16.83
37-150-M-10,37,150,41.725,M,10,2.96,0,
37-150-M-11,37,150,41.725,M,11,2.54,0,
37-150-M-12,37,150,41.725,M,12,1.61,0,
37-150-M-13,37,150,41.725,M,13,3.46,0,
37-150-M-14,37,150,41.725,M,14,6.76,0,
37-150-M-15,37,150,41.725,M,15,4.06,0,
37-125-M-1,37,125,34.77083333,M,1,10.99,0,32
37-125-M-2,37,125,34.77083333,M,2,3.3,0,32
37-125-M-3,37,125,34.77083333,M,3,1.35,1,32
37-125-M-4,37,125,34.77083333,M,4,0,1,32
37-125-M-5,37,125,34.77083333,M,5,2.79,0,
37-125-M-6,37,125,34.77083333,M,6,2.37,0,32.83
37-125-M-7,37,125,34.77083333,M,7,0,0,
37-125-M-8,37,125,34.77083333,M,8,0.08,0,
37-125-M-9,37,125,34.77083333,M,9,3.55,0,33.33
37-125-M-10,37,125,34.77083333,M,10,2.11,0,
37-125-M-11,37,125,34.77083333,M,11,0.51,0,
37-125-M-12,37,125,34.77083333,M,12,0.68,0,12.33
37-125-M-13,37,125,34.77083333,M,13,2.87,0,
37-125-M-14,37,125,34.77083333,M,14,0.59,0,25.5
37-125-M-15,37,125,34.77083333,M,15,0,0,
37-100-M-1,37,100,27.81666667,M,1,3.3,0,
37-100-M-2,37,100,27.81666667,M,2,2.2,1,
37-100-M-3,37,100,27.81666667,M,3,0.42,0,
37-100-M-4,37,100,27.81666667,M,4,2.28,0,
37-100-M-5,37,100,27.81666667,M,5,3.13,0,
37-100-M-6,37,100,27.81666667,M,6,0.17,0,
37-100-M-7,37,100,27.81666667,M,7,3.55,0,
37-100-M-8,37,100,27.81666667,M,8,1.35,0,
37-100-M-9,37,100,27.81666667,M,9,1.61,0,
37-100-M-10,37,100,27.81666667,M,10,0.51,0,
37-100-M-11,37,100,27.81666667,M,11,0,0,
37-100-M-12,37,100,27.81666667,M,12,0.42,0,
37-100-M-13,37,100,27.81666667,M,13,0.17,0,
37-100-M-14,37,100,27.81666667,M,14,0,0,
37-100-M-15,37,100,27.81666667,M,15,1.69,0,
37-75-M-1,37,75,20.8625,M,1,3.46,0,
37-75-M-2,37,75,20.8625,M,2,0,0,18.67
37-75-M-3,37,75,20.8625,M,3,0,1,
37-75-M-4,37,75,20.8625,M,4,0,0,
37-75-M-5,37,75,20.8625,M,5,0,1,
37-75-M-6,37,75,20.8625,M,6,1.27,0,
37-75-M-7,37,75,20.8625,M,7,2.37,0,
37-75-M-8,37,75,20.8625,M,8,1.18,0,
37-75-M-9,37,75,20.8625,M,9,2.96,0,
37-75-M-10,37,75,20.8625,M,10,2.37,0,
37-75-M-11,37,75,20.8625,M,11,1.86,0,
37-75-M-12,37,75,20.8625,M,12,2.54,0,
37-75-M-13,37,75,20.8625,M,13,1.61,0,
37-75-M-14,37,75,20.8625,M,14,2.2,1,
37-75-M-15,37,75,20.8625,M,15,0,1,
37-50-M-1,37,50,13.90833333,M,1,0,0,
37-50-M-2,37,50,13.90833333,M,2,0.51,0,
37-50-M-3,37,50,13.90833333,M,3,0,0,
37-50-M-4,37,50,13.90833333,M,4,0,1,
37-50-M-5,37,50,13.90833333,M,5,0,0,
37-50-M-6,37,50,13.90833333,M,6,1.86,0,
37-50-M-7,37,50,13.90833333,M,7,1.35,1,
37-50-M-8,37,50,13.90833333,M,8,4.73,0,
37-50-M-9,37,50,13.90833333,M,9,1.01,0,
37-50-M-10,37,50,13.90833333,M,10,3.38,0,
37-50-M-11,37,50,13.90833333,M,11,0,0,
37-50-M-12,37,50,13.90833333,M,12,2.03,0,
37-50-M-13,37,50,13.90833333,M,13,1.86,0,
37-50-M-14,37,50,13.90833333,M,14,0.42,0,
37-50-M-15,37,50,13.90833333,M,15,0.68,0,
37-25-M-1,37,25,6.954166667,M,1,0,1,
37-25-M-2,37,25,6.954166667,M,2,2.28,0,
37-25-M-3,37,25,6.954166667,M,3,0.93,0,
37-25-M-4,37,25,6.954166667,M,4,0,1,
37-25-M-5,37,25,6.954166667,M,5,0.17,0,
37-25-M-6,37,25,6.954166667,M,6,0,0,
37-25-M-7,37,25,6.954166667,M,7,3.21,0,
37-25-M-8,37,25,6.954166667,M,8,2.45,0,
37-25-M-9,37,25,6.954166667,M,9,1.86,0,
37-25-M-10,37,25,6.954166667,M,10,0,0,
37-25-M-11,37,25,6.954166667,M,11,2.37,0,
37-25-M-12,37,25,6.954166667,M,12,0.25,0,
37-25-M-13,37,25,6.954166667,M,13,3.04,1,
37-25-M-14,37,25,6.954166667,M,14,4.9,0,
37-25-M-15,37,25,6.954166667,M,15,1.01,0,
36-250-M-1,36,250,172.4211776,M,1,0,1,89.31
36-250-M-2,36,250,172.4211776,M,2,0,1,74.13
36-250-M-3,36,250,172.4211776,M,3,0,1,76.89
36-250-M-4,36,250,172.4211776,M,4,0,1,72.3
36-250-M-5,36,250,172.4211776,M,5,0,1,76.86
36-250-M-6,36,250,172.4211776,M,6,0,1,68.52
36-250-M-7,36,250,172.4211776,M,7,0,1,92.74
36-250-M-8,36,250,172.4211776,M,8,0,1,131.43
36-250-M-9,36,250,172.4211776,M,9,0,1,78.13
36-250-M-10,36,250,172.4211776,M,10,0,1,77.88
36-250-M-11,36,250,172.4211776,M,11,0,1,117.32
36-250-M-12,36,250,172.4211776,M,12,0,1,128.18
36-250-M-13,36,250,172.4211776,M,13,0,0,129.39
36-250-M-14,36,250,172.4211776,M,14,0,1,100.27
36-250-M-15,36,250,172.4211776,M,15,0,1,104.16
36-200-M-1,36,200,137.9369421,M,1,0,1,92
36-200-M-2,36,200,137.9369421,M,2,1.74,1,92
36-200-M-3,36,200,137.9369421,M,3,0,1,61.5
36-200-M-4,36,200,137.9369421,M,4,4.72,0,92.83
36-200-M-5,36,200,137.9369421,M,5,2.26,0,131
36-200-M-6,36,200,137.9369421,M,6,0,1,132
36-200-M-7,36,200,137.9369421,M,7,0,1,111
36-200-M-8,36,200,137.9369421,M,8,0,0,100
36-200-M-9,36,200,137.9369421,M,9,0.92,0,110.22
36-200-M-10,36,200,137.9369421,M,10,0.31,1,110.22
36-200-M-11,36,200,137.9369421,M,11,0.62,1,110.22
36-200-M-12,36,200,137.9369421,M,12,1.85,1,110.22
36-200-M-13,36,200,137.9369421,M,13,0,0,110.22
36-200-M-14,36,200,137.9369421,M,14,0,1,110.22
36-200-M-15,36,200,137.9369421,M,15,0,1,28.42
36-175-M-1,36,175,120.6948244,M,1,0,1,
36-175-M-2,36,175,120.6948244,M,2,1.23,1,85
36-175-M-3,36,175,120.6948244,M,3,1.54,1,
36-175-M-4,36,175,120.6948244,M,4,0,0,109
36-175-M-5,36,175,120.6948244,M,5,0,0,110
36-175-M-6,36,175,120.6948244,M,6,0,1,
36-175-M-7,36,175,120.6948244,M,7,0,1,116
36-175-M-8,36,175,120.6948244,M,8,0.82,0,82
36-175-M-9,36,175,120.6948244,M,9,0.31,1,82
36-175-M-10,36,175,120.6948244,M,10,0,1,27.42
36-175-M-11,36,175,120.6948244,M,11,0.92,0,
36-175-M-12,36,175,120.6948244,M,12,0,1,107.22
36-175-M-13,36,175,120.6948244,M,13,1.03,1,107.22
36-175-M-14,36,175,120.6948244,M,14,0,1,80.27
36-175-M-15,36,175,120.6948244,M,15,0,0,117.05
36-150-M-1,36,150,103.4527066,M,1,0,1,93.5
36-150-M-2,36,150,103.4527066,M,2,0,0,76.4
36-150-M-3,36,150,103.4527066,M,3,0,0,93.97
36-150-M-4,36,150,103.4527066,M,4,0,1,34.2
36-150-M-5,36,150,103.4527066,M,5,0.51,0,89.87
36-150-M-6,36,150,103.4527066,M,6,1.85,0,89.87
36-150-M-7,36,150,103.4527066,M,7,0.41,1,51.92
36-150-M-8,36,150,103.4527066,M,8,0.72,1,83.83
36-150-M-9,36,150,103.4527066,M,9,0,1,62.22
36-150-M-10,36,150,103.4527066,M,10,0,0,86.22
36-150-M-11,36,150,103.4527066,M,11,1.44,0,86.22
36-150-M-12,36,150,103.4527066,M,12,1.23,0,86.22
36-150-M-13,36,150,103.4527066,M,13,0,0,86.22
36-150-M-14,36,150,103.4527066,M,14,1.54,0,86.22
36-150-M-15,36,150,103.4527066,M,15,0,1,78.38
36-125-M-1,36,125,86.21058882,M,1,0.62,0,70.17
36-125-M-2,36,125,86.21058882,M,2,0.82,0,70.17
36-125-M-3,36,125,86.21058882,M,3,0.21,0,70.73
36-125-M-4,36,125,86.21058882,M,4,1.64,0,84.88
36-125-M-5,36,125,86.21058882,M,5,0,1,84.88
36-125-M-6,36,125,86.21058882,M,6,1.54,0,84.88
36-125-M-7,36,125,86.21058882,M,7,0,1,65.22
36-125-M-8,36,125,86.21058882,M,8,2.36,0,
36-125-M-9,36,125,86.21058882,M,9,0,1,43.63
36-125-M-10,36,125,86.21058882,M,10,0,0,
36-125-M-11,36,125,86.21058882,M,11,0.31,1,38.6
36-125-M-12,36,125,86.21058882,M,12,0,0,75.72
36-125-M-13,36,125,86.21058882,M,13,0.92,0,
36-125-M-14,36,125,86.21058882,M,14,0,1,44.13
36-125-M-15,36,125,86.21058882,M,15,0.31,0,
36-100-M-1,36,100,68.96847106,M,1,0,0,
36-100-M-2,36,100,68.96847106,M,2,8.62,0,
36-100-M-3,36,100,68.96847106,M,3,1.03,0,
36-100-M-4,36,100,68.96847106,M,4,3.38,0,
36-100-M-5,36,100,68.96847106,M,5,2.67,1,
36-100-M-6,36,100,68.96847106,M,6,0,1,17.88
36-100-M-7,36,100,68.96847106,M,7,0.21,0,
36-100-M-8,36,100,68.96847106,M,8,0,1,
36-100-M-9,36,100,68.96847106,M,9,0,0,
36-100-M-10,36,100,68.96847106,M,10,0,1,
36-100-M-11,36,100,68.96847106,M,11,0,0,
36-100-M-12,36,100,68.96847106,M,12,3.49,0,
36-100-M-13,36,100,68.96847106,M,13,0,1,
36-100-M-14,36,100,68.96847106,M,14,0.62,0,
36-100-M-15,36,100,68.96847106,M,15,1.33,0,
36-75-M-1,36,75,51.72635329,M,1,3.69,0,
36-75-M-2,36,75,51.72635329,M,2,0.82,1,
36-75-M-3,36,75,51.72635329,M,3,0.92,0,
36-75-M-4,36,75,51.72635329,M,4,0.72,0,
36-75-M-5,36,75,51.72635329,M,5,0,1,
36-75-M-6,36,75,51.72635329,M,6,2.87,0,
36-75-M-7,36,75,51.72635329,M,7,2.87,0,
36-75-M-8,36,75,51.72635329,M,8,0.31,0,
36-75-M-9,36,75,51.72635329,M,9,0.62,0,
36-75-M-10,36,75,51.72635329,M,10,1.13,0,
36-75-M-11,36,75,51.72635329,M,11,0,0,
36-75-M-12,36,75,51.72635329,M,12,0,1,50.33
36-75-M-13,36,75,51.72635329,M,13,0,1,47.17
36-75-M-14,36,75,51.72635329,M,14,1.03,0,
36-75-M-15,36,75,51.72635329,M,15,0,0,
36-50-M-1,36,50,34.48423553,M,1,1.85,0,
36-50-M-2,36,50,34.48423553,M,2,0.82,0,
36-50-M-3,36,50,34.48423553,M,3,0,1,
36-50-M-4,36,50,34.48423553,M,4,3.38,0,
36-50-M-5,36,50,34.48423553,M,5,0,1,
36-50-M-6,36,50,34.48423553,M,6,1.54,0,
36-50-M-7,36,50,34.48423553,M,7,1.95,0,
36-50-M-8,36,50,34.48423553,M,8,0,0,
36-50-M-9,36,50,34.48423553,M,9,0.82,0,
36-50-M-10,36,50,34.48423553,M,10,2.87,0,
36-50-M-11,36,50,34.48423553,M,11,0.1,0,
36-50-M-12,36,50,34.48423553,M,12,0,0,32.83
36-50-M-13,36,50,34.48423553,M,13,0,1,
36-50-M-14,36,50,34.48423553,M,14,0.82,0,
36-50-M-15,36,50,34.48423553,M,15,0.62,0,
36-25-M-1,36,25,17.24211776,M,1,0.41,1,
36-25-M-2,36,25,17.24211776,M,2,5.23,0,
36-25-M-3,36,25,17.24211776,M,3,0,0,
36-25-M-4,36,25,17.24211776,M,4,0.41,0,
36-25-M-5,36,25,17.24211776,M,5,3.08,0,
36-25-M-6,36,25,17.24211776,M,6,6.97,0,
36-25-M-7,36,25,17.24211776,M,7,1.74,0,
36-25-M-8,36,25,17.24211776,M,8,2.46,0,
36-25-M-9,36,25,17.24211776,M,9,0,1,
36-25-M-10,36,25,17.24211776,M,10,0,1,
36-25-M-11,36,25,17.24211776,M,11,3.49,1,
36-25-M-12,36,25,17.24211776,M,12,1.23,0,
36-25-M-13,36,25,17.24211776,M,13,2.46,0,
36-25-M-14,36,25,17.24211776,M,14,2.97,0,
36-25-M-15,36,25,17.24211776,M,15,2.77,0,
35-300-M-1,35,300,513,M,1,0,1,132.06
35-300-M-2,35,300,513,M,2,0,1,298.61
35-300-M-3,35,300,513,M,3,0,1,251.26
35-300-M-4,35,300,513,M,4,0,1,209.46
35-300-M-5,35,300,513,M,5,0,1,186.22
35-300-M-6,35,300,513,M,6,0,1,221.32
35-300-M-7,35,300,513,M,7,0,1,285.73
35-300-M-8,35,300,513,M,8,0,1,201.91
35-300-M-9,35,300,513,M,9,0,1,179.08
35-300-M-10,35,300,513,M,10,0,1,298.03
35-300-M-11,35,300,513,M,11,0,1,156.02
35-300-M-12,35,300,513,M,12,0,1,177.65
35-300-M-13,35,300,513,M,13,0,1,163.33
35-300-M-14,35,300,513,M,14,0,1,177.63
35-300-M-15,35,300,513,M,15,0,1,169.27
35-250-M-1,35,250,427.5,M,1,0,1,216.02
35-250-M-2,35,250,427.5,M,2,0,1,206.08
35-250-M-3,35,250,427.5,M,3,0,1,291.86
35-250-M-4,35,250,427.5,M,4,0,1,135.48
35-250-M-5,35,250,427.5,M,5,0,1,268.7
35-250-M-6,35,250,427.5,M,6,0,1,222.19
35-250-M-7,35,250,427.5,M,7,0,1,136.17
35-250-M-8,35,250,427.5,M,8,0,1,218.28
35-250-M-9,35,250,427.5,M,9,0,1,340.92
35-250-M-10,35,250,427.5,M,10,0,1,209.53
35-250-M-11,35,250,427.5,M,11,0,1,167.52
35-250-M-12,35,250,427.5,M,12,0,1,275.89
35-250-M-13,35,250,427.5,M,13,0,1,137.72
35-250-M-14,35,250,427.5,M,14,0,1,197.85
35-250-M-15,35,250,427.5,M,15,0,1,286.22
35-200-M-1,35,200,342,M,1,0,1,198
35-200-M-2,35,200,342,M,2,0,1,195
35-200-M-3,35,200,342,M,3,0,1,235
35-200-M-4,35,200,342,M,4,0.87,1,157.25
35-200-M-5,35,200,342,M,5,0,1,190
35-200-M-6,35,200,342,M,6,0,0,182
35-200-M-7,35,200,342,M,7,0,1,225
35-200-M-8,35,200,342,M,8,0,1,181
35-200-M-9,35,200,342,M,9,3.93,0,225
35-200-M-10,35,200,342,M,10,1.85,1,230
35-200-M-11,35,200,342,M,11,0,1,130.83
35-200-M-12,35,200,342,M,12,0,1,174
35-200-M-13,35,200,342,M,13,1.09,0,240
35-200-M-14,35,200,342,M,14,0,1,340
35-200-M-15,35,200,342,M,15,0,1,190
35-175-M-1,35,175,299.25,M,1,0,1,9.78
35-175-M-2,35,175,299.25,M,2,3.93,0,231
35-175-M-3,35,175,299.25,M,3,1.64,0,260
35-175-M-4,35,175,299.25,M,4,1.64,0,130.67
35-175-M-5,35,175,299.25,M,5,0,1,235
35-175-M-6,35,175,299.25,M,6,0,1,31.25
35-175-M-7,35,175,299.25,M,7,0,1,174.93
35-175-M-8,35,175,299.25,M,8,0,1,197
35-175-M-9,35,175,299.25,M,9,0,1,242
35-175-M-10,35,175,299.25,M,10,0,1,10
35-175-M-11,35,175,299.25,M,11,0,1,185
35-175-M-12,35,175,299.25,M,12,0,0,190
35-175-M-13,35,175,299.25,M,13,0,1,31.47
35-175-M-14,35,175,299.25,M,14,0,1,235
35-175-M-15,35,175,299.25,M,15,0,0,230
35-150-M-1,35,150,256.5,M,1,2.18,0,217
35-150-M-2,35,150,256.5,M,2,0,0,242
35-150-M-3,35,150,256.5,M,3,0.22,0,200
35-150-M-4,35,150,256.5,M,4,2.4,0,210
35-150-M-5,35,150,256.5,M,5,0,0,198
35-150-M-6,35,150,256.5,M,6,1.53,0,217
35-150-M-7,35,150,256.5,M,7,0,1,195
35-150-M-8,35,150,256.5,M,8,0,1,176
35-150-M-9,35,150,256.5,M,9,0,1,192
35-150-M-10,35,150,256.5,M,10,1.96,0,193
35-150-M-11,35,150,256.5,M,11,2.51,0,194.5
35-150-M-12,35,150,256.5,M,12,0,1,194.5
35-150-M-13,35,150,256.5,M,13,0,1,196
35-150-M-14,35,150,256.5,M,14,0,0,198
35-150-M-15,35,150,256.5,M,15,0,1,132
35-125-M-1,35,125,213.75,M,1,1.64,0,
35-125-M-2,35,125,213.75,M,2,0,0,43.38
35-125-M-3,35,125,213.75,M,3,0,1,195
35-125-M-4,35,125,213.75,M,4,0.98,1,200
35-125-M-5,35,125,213.75,M,5,0,0,
35-125-M-6,35,125,213.75,M,6,0.98,0,34.67
35-125-M-7,35,125,213.75,M,7,0,0,
35-125-M-8,35,125,213.75,M,8,0,0,105.3
35-125-M-9,35,125,213.75,M,9,0,1,195
35-125-M-10,35,125,213.75,M,10,0,0,195
35-125-M-11,35,125,213.75,M,11,0.87,0,195
35-125-M-12,35,125,213.75,M,12,3.05,1,
35-125-M-13,35,125,213.75,M,13,0,1,190
35-125-M-14,35,125,213.75,M,14,2.29,0,
35-125-M-15,35,125,213.75,M,15,2.84,0,
35-100-M-1,35,100,171,M,1,1.85,0,
35-100-M-2,35,100,171,M,2,3.49,0,
35-100-M-3,35,100,171,M,3,1.2,0,
35-100-M-4,35,100,171,M,4,0,1,
35-100-M-5,35,100,171,M,5,0,1,
35-100-M-6,35,100,171,M,6,3.38,0,
35-100-M-7,35,100,171,M,7,1.42,0,
35-100-M-8,35,100,171,M,8,3.16,0,
35-100-M-9,35,100,171,M,9,0,1,
35-100-M-10,35,100,171,M,10,0,0,
35-100-M-11,35,100,171,M,11,0,0,16.83
35-100-M-12,35,100,171,M,12,2.62,0,
35-100-M-13,35,100,171,M,13,0,0,
35-100-M-14,35,100,171,M,14,0,1,
35-100-M-15,35,100,171,M,15,2.4,0,
35-75-M-1,35,75,128.25,M,1,5.02,0,
35-75-M-2,35,75,128.25,M,2,1.85,0,
35-75-M-3,35,75,128.25,M,3,0,0,85.17
35-75-M-4,35,75,128.25,M,4,0,0,85.17
35-75-M-5,35,75,128.25,M,5,1.85,1,
35-75-M-6,35,75,128.25,M,6,3.27,0,
35-75-M-7,35,75,128.25,M,7,2.29,0,
35-75-M-8,35,75,128.25,M,8,5.45,0,
35-75-M-9,35,75,128.25,M,9,0,1,121.8
35-75-M-10,35,75,128.25,M,10,2.4,0,
35-75-M-11,35,75,128.25,M,11,4.47,0,
35-75-M-12,35,75,128.25,M,12,0,0,
35-75-M-13,35,75,128.25,M,13,1.75,0,
35-75-M-14,35,75,128.25,M,14,0.76,0,
35-75-M-15,35,75,128.25,M,15,0,0,
35-50-M-1,35,50,85.5,M,1,1.42,0,
35-50-M-2,35,50,85.5,M,2,6.76,0,
35-50-M-3,35,50,85.5,M,3,1.53,0,
35-50-M-4,35,50,85.5,M,4,1.64,0,
35-50-M-5,35,50,85.5,M,5,2.51,0,
35-50-M-6,35,50,85.5,M,6,5.67,0,
35-50-M-7,35,50,85.5,M,7,5.45,0,
35-50-M-8,35,50,85.5,M,8,3.38,0,
35-50-M-9,35,50,85.5,M,9,4.04,0,
35-50-M-10,35,50,85.5,M,10,0,1,32.83
35-50-M-11,35,50,85.5,M,11,4.58,0,
35-50-M-12,35,50,85.5,M,12,1.31,0,
35-50-M-13,35,50,85.5,M,13,3.49,0,
35-50-M-14,35,50,85.5,M,14,0,0,14.48
35-50-M-15,35,50,85.5,M,15,3.16,0,
35-25-M-1,35,25,42.75,M,1,4.25,0,
35-25-M-2,35,25,42.75,M,2,5.45,0,
35-25-M-3,35,25,42.75,M,3,5.02,0,
35-25-M-4,35,25,42.75,M,4,2.95,0,
35-25-M-5,35,25,42.75,M,5,3.16,0,
35-25-M-6,35,25,42.75,M,6,0,1,
35-25-M-7,35,25,42.75,M,7,0,0,
35-25-M-8,35,25,42.75,M,8,1.31,0,
35-25-M-9,35,25,42.75,M,9,4.8,0,
35-25-M-10,35,25,42.75,M,10,3.6,0,
35-25-M-11,35,25,42.75,M,11,11.35,0,
35-25-M-12,35,25,42.75,M,12,5.24,0,
35-25-M-13,35,25,42.75,M,13,4.36,0,
35-25-M-14,35,25,42.75,M,14,0,0,
35-25-M-15,35,25,42.75,M,15,3.71,0,
34-200-M-13,34,200,847.9526819,M,13,0,1,386
34-200-M-8,34,200,847.9526819,M,8,0,1,422
34-200-M-14,34,200,847.9526819,M,14,0,1,432
34-200-M-12,34,200,847.9526819,M,12,1.05,1,481
34-200-M-6,34,200,847.9526819,M,6,0,1,484
34-200-M-15,34,200,847.9526819,M,15,0,1,497
34-200-M-2,34,200,847.9526819,M,2,0,1,513
34-200-M-1,34,200,847.9526819,M,1,1.9,1,517
34-200-M-4,34,200,847.9526819,M,4,0,1,555
34-200-M-11,34,200,847.9526819,M,11,0,1,557
34-200-M-5,34,200,847.9526819,M,5,0,1,577
34-200-M-9,34,200,847.9526819,M,9,0,1,639
34-200-M-3,34,200,847.9526819,M,3,0,1,661
34-200-M-10,34,200,847.9526819,M,10,0,1,699
34-200-M-7,34,200,847.9526819,M,7,0,1,704
34-175-M-3,34,175,741.9585967,M,3,0,1,452
34-175-M-6,34,175,741.9585967,M,6,0,1,476
34-175-M-7,34,175,741.9585967,M,7,0,1,506
34-175-M-2,34,175,741.9585967,M,2,0,1,536
34-175-M-4,34,175,741.9585967,M,4,0,1,542
34-175-M-5,34,175,741.9585967,M,5,0,1,552
34-175-M-10,34,175,741.9585967,M,10,0,1,581
34-175-M-13,34,175,741.9585967,M,13,0,1,600
34-175-M-15,34,175,741.9585967,M,15,0,1,600
34-175-M-11,34,175,741.9585967,M,11,0,1,648
34-175-M-12,34,175,741.9585967,M,12,0,1,687
34-175-M-8,34,175,741.9585967,M,8,0,1,699
34-175-M-1,34,175,741.9585967,M,1,0,0,443
34-175-M-14,34,175,741.9585967,M,14,4,0,484
34-175-M-9,34,175,741.9585967,M,9,2.29,0,664
34-150-M-15,34,150,635.9645114,M,15,0,1,413
34-150-M-6,34,150,635.9645114,M,6,0,1,414
34-150-M-10,34,150,635.9645114,M,10,0,1,414
34-150-M-12,34,150,635.9645114,M,12,0,1,536
34-150-M-14,34,150,635.9645114,M,14,0,1,587
34-150-M-11,34,150,635.9645114,M,11,0,1,631
34-150-M-13,34,150,635.9645114,M,13,0,1,
34-150-M-5,34,150,635.9645114,M,5,0,0,455
34-150-M-8,34,150,635.9645114,M,8,0.48,0,485
34-150-M-3,34,150,635.9645114,M,3,0,0,507
34-150-M-4,34,150,635.9645114,M,4,0.95,0,513
34-150-M-9,34,150,635.9645114,M,9,0,0,521
34-150-M-1,34,150,635.9645114,M,1,2.19,0,569
34-150-M-2,34,150,635.9645114,M,2,3.71,0,601
34-150-M-7,34,150,635.9645114,M,7,0.95,0,
34-125-M-3,34,125,529.9704262,M,3,0,1,360
34-125-M-14,34,125,529.9704262,M,14,0,1,436
34-125-M-1,34,125,529.9704262,M,1,0,1,515
34-125-M-7,34,125,529.9704262,M,7,0,1,
34-125-M-11,34,125,529.9704262,M,11,0,1,
34-125-M-15,34,125,529.9704262,M,15,3.62,0,443
34-125-M-4,34,125,529.9704262,M,4,7.24,0,467
34-125-M-2,34,125,529.9704262,M,2,0,0,
34-125-M-5,34,125,529.9704262,M,5,1.52,0,
34-125-M-6,34,125,529.9704262,M,6,0.86,0,
34-125-M-8,34,125,529.9704262,M,8,3.62,0,
34-125-M-9,34,125,529.9704262,M,9,0.76,0,
34-125-M-10,34,125,529.9704262,M,10,2,0,
34-125-M-12,34,125,529.9704262,M,12,0.38,0,
34-125-M-13,34,125,529.9704262,M,13,1.43,0,
34-100-M-6,34,100,423.976341,M,6,0.95,0,412
34-100-M-10,34,100,423.976341,M,10,0.57,0,413
34-100-M-7,34,100,423.976341,M,7,0.57,0,
34-100-M-8,34,100,423.976341,M,8,1.33,0,
34-100-M-9,34,100,423.976341,M,9,2.95,0,
34-100-M-11,34,100,423.976341,M,11,0.95,0,
34-100-M-12,34,100,423.976341,M,12,2.19,0,
34-100-M-13,34,100,423.976341,M,13,1.81,0,
34-100-M-14,34,100,423.976341,M,14,2.86,0,
34-100-M-15,34,100,423.976341,M,15,2.38,0,
34-100-M-4,34,100,423.976341,M,4,1.52,0,
34-100-M-5,34,100,423.976341,M,5,2.48,0,
34-100-M-3,34,100,423.976341,M,3,3.24,0,
34-100-M-1,34,100,423.976341,M,1,1.9,0,
34-100-M-2,34,100,423.976341,M,2,2.95,0,
34-75-M-15,34,75,317.9822557,M,15,6.57,0,
34-75-M-14,34,75,317.9822557,M,14,2.67,0,
34-75-M-12,34,75,317.9822557,M,12,10.48,0,
34-75-M-13,34,75,317.9822557,M,13,0.19,0,
34-75-M-11,34,75,317.9822557,M,11,4.29,0,
34-75-M-10,34,75,317.9822557,M,10,6.57,0,
34-75-M-9,34,75,317.9822557,M,9,0.48,0,
34-75-M-8,34,75,317.9822557,M,8,0,0,
34-75-M-6,34,75,317.9822557,M,6,3.33,0,
34-75-M-7,34,75,317.9822557,M,7,0,0,
34-75-M-5,34,75,317.9822557,M,5,6,0,
34-75-M-4,34,75,317.9822557,M,4,0,0,
34-75-M-3,34,75,317.9822557,M,3,2.57,0,
34-75-M-2,34,75,317.9822557,M,2,3.05,0,
34-75-M-1,34,75,317.9822557,M,1,2.76,0,
34-50-M-15,34,50,211.9881705,M,15,3.62,0,
34-50-M-14,34,50,211.9881705,M,14,3.05,0,
34-50-M-13,34,50,211.9881705,M,13,0,0,124
34-50-M-12,34,50,211.9881705,M,12,3.43,0,
34-50-M-11,34,50,211.9881705,M,11,4.86,0,
34-50-M-10,34,50,211.9881705,M,10,3.81,0,
34-50-M-9,34,50,211.9881705,M,9,5.52,0,
34-50-M-6,34,50,211.9881705,M,6,4.1,0,
34-50-M-7,34,50,211.9881705,M,7,8,0,
34-50-M-8,34,50,211.9881705,M,8,3.14,0,
34-50-M-5,34,50,211.9881705,M,5,4.95,0,
34-50-M-4,34,50,211.9881705,M,4,5.81,0,
34-50-M-3,34,50,211.9881705,M,3,2.86,0,
34-50-M-2,34,50,211.9881705,M,2,7.43,0,
34-50-M-1,34,50,211.9881705,M,1,6.29,0,
34-25-M-8,34,25,105.9940852,M,8,4.19,1,
34-25-M-14,34,25,105.9940852,M,14,7.24,0,
34-25-M-15,34,25,105.9940852,M,15,6.38,0,
34-25-M-10,34,25,105.9940852,M,10,3.43,0,
34-25-M-11,34,25,105.9940852,M,11,6.67,0,
34-25-M-12,34,25,105.9940852,M,12,2.86,0,
34-25-M-13,34,25,105.9940852,M,13,4,0,
34-25-M-9,34,25,105.9940852,M,9,4.57,0,
34-25-M-7,34,25,105.9940852,M,7,3.14,0,
34-25-M-6,34,25,105.9940852,M,6,4.1,0,
34-25-M-5,34,25,105.9940852,M,5,3.81,0,
34-25-M-4,34,25,105.9940852,M,4,0.86,0,
34-25-M-3,34,25,105.9940852,M,3,3.62,0,
34-25-M-1,34,25,105.9940852,M,1,5.9,0,
34-25-M-2,34,25,105.9940852,M,2,4.86,0,
38-300-F-1,38,300,48.30623965,F,1,0,1,14.5
38-300-F-2,38,300,48.30623965,F,2,0,1,20.8
38-300-F-3,38,300,48.30623965,F,3,0,1,13.42
38-300-F-4,38,300,48.30623965,F,4,0,1,16.25
38-300-F-5,38,300,48.30623965,F,5,0,1,12.5
38-300-F-6,38,300,48.30623965,F,6,0,1,7.5
38-300-F-7,38,300,48.30623965,F,7,0,1,16
38-300-F-8,38,300,48.30623965,F,8,0,1,9.58
38-300-F-9,38,300,48.30623965,F,9,0,1,9.58
38-300-F-10,38,300,48.30623965,F,10,0,1,17.33
38-300-F-11,38,300,48.30623965,F,11,0,1,17.33
38-300-F-12,38,300,48.30623965,F,12,0,1,17.33
38-300-F-13,38,300,48.30623965,F,13,0,1,17.33
38-300-F-14,38,300,48.30623965,F,14,0,1,28.22
38-300-F-15,38,300,48.30623965,F,15,0,1,23.55
38-250-F-1,38,250,40.25519971,F,1,0,1,13.5
38-250-F-2,38,250,40.25519971,F,2,0,1,15.42
38-250-F-3,38,250,40.25519971,F,3,0,1,9.25
38-250-F-4,38,250,40.25519971,F,4,0,1,23.25
38-250-F-5,38,250,40.25519971,F,5,0,1,16.07
38-250-F-6,38,250,40.25519971,F,6,0,1,9.25
38-250-F-7,38,250,40.25519971,F,7,0,1,1.88
38-250-F-8,38,250,40.25519971,F,8,0,1,13.75
38-250-F-9,38,250,40.25519971,F,9,0,1,11
38-250-F-10,38,250,40.25519971,F,10,0,1,14.33
38-250-F-11,38,250,40.25519971,F,11,0,1,14.35
38-250-F-12,38,250,40.25519971,F,12,0,1,14
38-250-F-13,38,250,40.25519971,F,13,0,1,14.35
38-250-F-14,38,250,40.25519971,F,14,0,1,14.35
38-250-F-15,38,250,40.25519971,F,15,0,1,14.5
38-200-F-1,38,200,32.20415977,F,1,0,1,8
38-200-F-2,38,200,32.20415977,F,2,0,1,11.33
38-200-F-3,38,200,32.20415977,F,3,0,1,8
38-200-F-4,38,200,32.20415977,F,4,0,1,8.15
38-200-F-5,38,200,32.20415977,F,5,0,1,9.02
38-200-F-6,38,200,32.20415977,F,6,0,1,8.98
38-200-F-7,38,200,32.20415977,F,7,0,0,8.77
38-200-F-8,38,200,32.20415977,F,8,0,1,9.9
38-200-F-9,38,200,32.20415977,F,9,0,1,8.17
38-200-F-10,38,200,32.20415977,F,10,0,1,9.52
38-200-F-11,38,200,32.20415977,F,11,0,1,9.37
38-200-F-12,38,200,32.20415977,F,12,0,0,9.97
38-200-F-13,38,200,32.20415977,F,13,0,1,9.13
38-200-F-14,38,200,32.20415977,F,14,0,1,8.3
38-200-F-15,38,200,32.20415977,F,15,1.53,0,10.02
38-175-F-1,38,175,28.1786398,F,1,5.02,0,18.33
38-175-F-2,38,175,28.1786398,F,2,6.98,0,11.57
38-175-F-3,38,175,28.1786398,F,3,0,1,9.83
38-175-F-4,38,175,28.1786398,F,4,0.22,0,15.13
38-175-F-5,38,175,28.1786398,F,5,0,0,15.18
38-175-F-6,38,175,28.1786398,F,6,7.85,0,21
38-175-F-7,38,175,28.1786398,F,7,0.87,0,11.7
38-175-F-8,38,175,28.1786398,F,8,4.8,0,15
38-175-F-9,38,175,28.1786398,F,9,4.8,0,15
38-175-F-10,38,175,28.1786398,F,10,0,1,5.8
38-175-F-11,38,175,28.1786398,F,11,0,1,
38-175-F-12,38,175,28.1786398,F,12,0,1,11.5
38-175-F-13,38,175,28.1786398,F,13,0,1,11.95
38-175-F-14,38,175,28.1786398,F,14,0,1,8.5
38-175-F-15,38,175,28.1786398,F,15,3.05,0,12
38-150-F-1,38,150,24.15311982,F,1,0,0,17
38-150-F-2,38,150,24.15311982,F,2,3.93,0,13
38-150-F-3,38,150,24.15311982,F,3,0,0,16.58
38-150-F-4,38,150,24.15311982,F,4,8.07,0,16.58
38-150-F-5,38,150,24.15311982,F,5,5.45,0,16.68
38-150-F-6,38,150,24.15311982,F,6,5.45,0,14.7
38-150-F-7,38,150,24.15311982,F,7,3.49,0,14.7
38-150-F-8,38,150,24.15311982,F,8,0,1,14.7
38-150-F-9,38,150,24.15311982,F,9,6.55,0,14.5
38-150-F-10,38,150,24.15311982,F,10,7.64,0,22.83
38-150-F-11,38,150,24.15311982,F,11,0,1,21.5
38-150-F-12,38,150,24.15311982,F,12,0,0,14.63
38-150-F-13,38,150,24.15311982,F,13,4.15,0,20.17
38-150-F-14,38,150,24.15311982,F,14,0,1,14.75
38-150-F-15,38,150,24.15311982,F,15,3.05,0,21.27
38-125-F-1,38,125,20.12759985,F,1,7.85,0,10
38-125-F-2,38,125,20.12759985,F,2,6.55,0,
38-125-F-3,38,125,20.12759985,F,3,3.71,0,8
38-125-F-4,38,125,20.12759985,F,4,0,0,10.28
38-125-F-5,38,125,20.12759985,F,5,2.4,0,9.93
38-125-F-6,38,125,20.12759985,F,6,5.02,0,10.43
38-125-F-7,38,125,20.12759985,F,7,0,1,9.97
38-125-F-8,38,125,20.12759985,F,8,7.42,0,10.92
38-125-F-9,38,125,20.12759985,F,9,0,1,10.82
38-125-F-10,38,125,20.12759985,F,10,0,1,10.5
38-125-F-11,38,125,20.12759985,F,11,0,1,10.52
38-125-F-12,38,125,20.12759985,F,12,5.45,0,10.87
38-125-F-13,38,125,20.12759985,F,13,0,0,9.87
38-125-F-14,38,125,20.12759985,F,14,1.75,0,10.5
38-125-F-15,38,125,20.12759985,F,15,1.75,0,10.5
38-100-F-1,38,100,16.10207988,F,1,1.96,0,11.67
38-100-F-2,38,100,16.10207988,F,2,0.87,0,11.98
38-100-F-3,38,100,16.10207988,F,3,10.25,0,10.52
38-100-F-4,38,100,16.10207988,F,4,8.07,0,11.78
38-100-F-5,38,100,16.10207988,F,5,0,1,10.03
38-100-F-6,38,100,16.10207988,F,6,3.49,0,11.83
38-100-F-7,38,100,16.10207988,F,7,5.89,0,10.92
38-100-F-8,38,100,16.10207988,F,8,0,0,10.73
38-100-F-9,38,100,16.10207988,F,9,0,0,
38-100-F-10,38,100,16.10207988,F,10,0,1,14.83
38-100-F-11,38,100,16.10207988,F,11,3.71,0,14.83
38-100-F-12,38,100,16.10207988,F,12,9.16,0,14.83
38-100-F-13,38,100,16.10207988,F,13,3.93,0,15.95
38-100-F-14,38,100,16.10207988,F,14,6.76,0,15.13
38-100-F-15,38,100,16.10207988,F,15,5.02,0,
38-75-F-1,38,75,12.07655991,F,1,11.56,0,
38-75-F-2,38,75,12.07655991,F,2,6.55,0,
38-75-F-3,38,75,12.07655991,F,3,8.51,0,
38-75-F-4,38,75,12.07655991,F,4,6.11,0,
38-75-F-5,38,75,12.07655991,F,5,0,1,
38-75-F-6,38,75,12.07655991,F,6,2.84,0,10.33
38-75-F-7,38,75,12.07655991,F,7,8.29,0,10.33
38-75-F-8,38,75,12.07655991,F,8,6.98,0,10.33
38-75-F-9,38,75,12.07655991,F,9,0.87,0,
38-75-F-10,38,75,12.07655991,F,10,7.64,0,
38-75-F-11,38,75,12.07655991,F,11,0,1,7.67
38-75-F-12,38,75,12.07655991,F,12,5.67,0,9.92
38-75-F-13,38,75,12.07655991,F,13,1.31,0,
38-75-F-14,38,75,12.07655991,F,14,5.02,0,7.5
38-75-F-15,38,75,12.07655991,F,15,0,1,
38-50-F-1,38,50,8.051039942,F,1,4.58,0,
38-50-F-2,38,50,8.051039942,F,2,9.38,0,
38-50-F-3,38,50,8.051039942,F,3,5.24,0,
38-50-F-4,38,50,8.051039942,F,4,10.47,0,
38-50-F-5,38,50,8.051039942,F,5,6.76,0,
38-50-F-6,38,50,8.051039942,F,6,8.51,0,
38-50-F-7,38,50,8.051039942,F,7,0,0,
38-50-F-8,38,50,8.051039942,F,8,8.51,0,
38-50-F-9,38,50,8.051039942,F,9,0,0,
38-50-F-10,38,50,8.051039942,F,10,0,1,2.17
38-50-F-11,38,50,8.051039942,F,11,0,1,4.58
38-50-F-12,38,50,8.051039942,F,12,6.11,0,
38-50-F-13,38,50,8.051039942,F,13,4.8,0,4.67
38-50-F-14,38,50,8.051039942,F,14,9.6,0,4.75
38-50-F-15,38,50,8.051039942,F,15,10.04,0,
38-25-F-1,38,25,4.025519971,F,1,0.44,0,
38-25-F-2,38,25,4.025519971,F,2,8.51,0,
38-25-F-3,38,25,4.025519971,F,3,9.38,0,
38-25-F-4,38,25,4.025519971,F,4,3.93,0,
38-25-F-5,38,25,4.025519971,F,5,10.47,0,
38-25-F-6,38,25,4.025519971,F,6,0,1,
38-25-F-7,38,25,4.025519971,F,7,8.07,0,
38-25-F-8,38,25,4.025519971,F,8,9.6,0,
38-25-F-9,38,25,4.025519971,F,9,0,0,
38-25-F-10,38,25,4.025519971,F,10,11.56,0,
38-25-F-11,38,25,4.025519971,F,11,0,1,
38-25-F-12,38,25,4.025519971,F,12,4.36,0,
38-25-F-13,38,25,4.025519971,F,13,7.2,0,
38-25-F-14,38,25,4.025519971,F,14,4.58,0,
38-25-F-15,38,25,4.025519971,F,15,6.11,0,
37-200-F-1,37,200,79.03333333,F,1,0,1,53.37
37-200-F-2,37,200,79.03333333,F,2,0,1,51.42
37-200-F-3,37,200,79.03333333,F,3,0,1,50.17
37-200-F-4,37,200,79.03333333,F,4,0,1,25.02
37-200-F-5,37,200,79.03333333,F,5,0,1,34.33
37-200-F-6,37,200,79.03333333,F,6,0,1,24.5
37-200-F-7,37,200,79.03333333,F,7,0,1,37.97
37-200-F-8,37,200,79.03333333,F,8,0,1,48.25
37-200-F-9,37,200,79.03333333,F,9,0,1,36.72
37-200-F-10,37,200,79.03333333,F,10,0,1,36.42
37-200-F-11,37,200,79.03333333,F,11,0,1,36.83
37-200-F-12,37,200,79.03333333,F,12,0,1,48.28
37-200-F-13,37,200,79.03333333,F,13,0,1,37.15
37-200-F-14,37,200,79.03333333,F,14,0,1,30
37-200-F-15,37,200,79.03333333,F,15,0,1,46.22
37-175-F-1,37,175,69.15416667,F,1,0,1,25
37-175-F-2,37,175,69.15416667,F,2,0,1,46.42
37-175-F-3,37,175,69.15416667,F,3,0,1,34.47
37-175-F-4,37,175,69.15416667,F,4,0,1,47.38
37-175-F-5,37,175,69.15416667,F,5,0,1,24.22
37-175-F-6,37,175,69.15416667,F,6,0,1,24.22
37-175-F-7,37,175,69.15416667,F,7,0,1,31.53
37-175-F-8,37,175,69.15416667,F,8,0,0,38.28
37-175-F-9,37,175,69.15416667,F,9,0,1,24.42
37-175-F-10,37,175,69.15416667,F,10,0,1,23.22
37-175-F-11,37,175,69.15416667,F,11,0,0,25.67
37-175-F-12,37,175,69.15416667,F,12,0,1,23.62
37-175-F-13,37,175,69.15416667,F,13,0,1,40.17
37-175-F-14,37,175,69.15416667,F,14,0,1,43.45
37-175-F-15,37,175,69.15416667,F,15,0,1,
37-150-F-1,37,150,59.275,F,1,0,1,28.45
37-150-F-2,37,150,59.275,F,2,0,1,54.17
37-150-F-3,37,150,59.275,F,3,0,0,58.22
37-150-F-4,37,150,59.275,F,4,0,0,58.43
37-150-F-5,37,150,59.275,F,5,0,0,58.43
37-150-F-6,37,150,59.275,F,6,0,0,54.93
37-150-F-7,37,150,59.275,F,7,0,0,58.5
37-150-F-8,37,150,59.275,F,8,0,1,25
37-150-F-9,37,150,59.275,F,9,0.44,0,25
37-150-F-10,37,150,59.275,F,10,0,1,25
37-150-F-11,37,150,59.275,F,11,0,1,46.27
37-150-F-12,37,150,59.275,F,12,0,0,46.27
37-150-F-13,37,150,59.275,F,13,0,0,24.22
37-150-F-14,37,150,59.275,F,14,0,1,24.22
37-150-F-15,37,150,59.275,F,15,0,0,24.22
37-125-F-1,37,125,49.39583333,F,1,0,1,19.08
37-125-F-2,37,125,49.39583333,F,2,0.22,0,37.97
37-125-F-3,37,125,49.39583333,F,3,0,1,12.03
37-125-F-4,37,125,49.39583333,F,4,0,0,46.05
37-125-F-5,37,125,49.39583333,F,5,0.87,0,38.17
37-125-F-6,37,125,49.39583333,F,6,0,1,38.17
37-125-F-7,37,125,49.39583333,F,7,0,1,30.42
37-125-F-8,37,125,49.39583333,F,8,0,1,38.62
37-125-F-9,37,125,49.39583333,F,9,0,0,38.33
37-125-F-10,37,125,49.39583333,F,10,0,1,23.03
37-125-F-11,37,125,49.39583333,F,11,0,1,
37-125-F-12,37,125,49.39583333,F,12,0,0,23.05
37-125-F-13,37,125,49.39583333,F,13,0,0,19.6
37-125-F-14,37,125,49.39583333,F,14,0,0,23.25
37-125-F-15,37,125,49.39583333,F,15,0.65,0,
37-100-F-1,37,100,39.51666667,F,1,1.31,0,34.17
37-100-F-2,37,100,39.51666667,F,2,0,1,34.17
37-100-F-3,37,100,39.51666667,F,3,0.44,0,
37-100-F-4,37,100,39.51666667,F,4,1.75,0,
37-100-F-5,37,100,39.51666667,F,5,0,1,
37-100-F-6,37,100,39.51666667,F,6,0,1,38.33
37-100-F-7,37,100,39.51666667,F,7,1.53,0,38.33
37-100-F-8,37,100,39.51666667,F,8,1.53,0,
37-100-F-9,37,100,39.51666667,F,9,1.09,0,
37-100-F-10,37,100,39.51666667,F,10,0.44,0,
37-100-F-11,37,100,39.51666667,F,11,1.75,0,
37-100-F-12,37,100,39.51666667,F,12,0.65,0,
37-100-F-13,37,100,39.51666667,F,13,0.87,0,
37-100-F-14,37,100,39.51666667,F,14,0,0,
37-100-F-15,37,100,39.51666667,F,15,0.22,0,
37-75-F-1,37,75,29.6375,F,1,0,1,
37-75-F-2,37,75,29.6375,F,2,0,0,
37-75-F-3,37,75,29.6375,F,3,5.45,0,
37-75-F-4,37,75,29.6375,F,4,0.22,0,
37-75-F-5,37,75,29.6375,F,5,2.4,0,
37-75-F-6,37,75,29.6375,F,6,0.65,0,
37-75-F-7,37,75,29.6375,F,7,0.44,0,
37-75-F-8,37,75,29.6375,F,8,1.53,0,
37-75-F-9,37,75,29.6375,F,9,1.53,0,26.5
37-75-F-10,37,75,29.6375,F,10,0,0,
37-75-F-11,37,75,29.6375,F,11,1.75,0,
37-75-F-12,37,75,29.6375,F,12,0.65,0,
37-75-F-13,37,75,29.6375,F,13,0.87,0,
37-75-F-14,37,75,29.6375,F,14,0.22,0,
37-75-F-15,37,75,29.6375,F,15,6.55,0,
37-50-F-1,37,50,19.75833333,F,1,0,1,
37-50-F-2,37,50,19.75833333,F,2,0.65,0,
37-50-F-3,37,50,19.75833333,F,3,4.58,0,
37-50-F-4,37,50,19.75833333,F,4,1.31,0,
37-50-F-5,37,50,19.75833333,F,5,0.65,0,
37-50-F-6,37,50,19.75833333,F,6,3.27,0,
37-50-F-7,37,50,19.75833333,F,7,4.36,0,
37-50-F-8,37,50,19.75833333,F,8,0.22,0,
37-50-F-9,37,50,19.75833333,F,9,3.05,0,
37-50-F-10,37,50,19.75833333,F,10,1.53,0,
37-50-F-11,37,50,19.75833333,F,11,2.84,0,
37-50-F-12,37,50,19.75833333,F,12,4.36,0,
37-50-F-13,37,50,19.75833333,F,13,0.22,0,
37-50-F-14,37,50,19.75833333,F,14,1.09,0,
37-50-F-15,37,50,19.75833333,F,15,0,1,
37-25-F-1,37,25,9.879166667,F,1,0.44,0,
37-25-F-2,37,25,9.879166667,F,2,0.65,0,
37-25-F-3,37,25,9.879166667,F,3,0,0,
37-25-F-4,37,25,9.879166667,F,4,0.22,0,
37-25-F-5,37,25,9.879166667,F,5,0,1,
37-25-F-6,37,25,9.879166667,F,6,5.89,0,
37-25-F-7,37,25,9.879166667,F,7,1.31,0,
37-25-F-8,37,25,9.879166667,F,8,0,0,
37-25-F-9,37,25,9.879166667,F,9,3.71,0,
37-25-F-10,37,25,9.879166667,F,10,0,1,
37-25-F-11,37,25,9.879166667,F,11,0.44,0,
37-25-F-12,37,25,9.879166667,F,12,3.49,0,
37-25-F-13,37,25,9.879166667,F,13,0.65,0,
37-25-F-14,37,25,9.879166667,F,14,0.22,0,
37-25-F-15,37,25,9.879166667,F,15,0.87,0,
36-250-F-1,36,250,242.4480185,F,1,0,1,141.65
36-250-F-2,36,250,242.4480185,F,2,0,1,105.33
36-250-F-3,36,250,242.4480185,F,3,0,1,117.84
36-250-F-4,36,250,242.4480185,F,4,0,1,88.55
36-250-F-5,36,250,242.4480185,F,5,0,1,104.23
36-250-F-6,36,250,242.4480185,F,6,0,1,98.29
36-250-F-7,36,250,242.4480185,F,7,0,1,97.69
36-250-F-8,36,250,242.4480185,F,8,0,1,105.62
36-250-F-9,36,250,242.4480185,F,9,0,1,118.87
36-250-F-10,36,250,242.4480185,F,10,0,1,102.68
36-250-F-11,36,250,242.4480185,F,11,0,1,91.3
36-250-F-12,36,250,242.4480185,F,12,0,1,108.21
36-250-F-13,36,250,242.4480185,F,13,0,1,121.04
36-250-F-14,36,250,242.4480185,F,14,0,1,112.76
36-250-F-15,36,250,242.4480185,F,15,0,1,135.69
36-200-F-1,36,200,193.9584148,F,1,0,0,117
36-200-F-2,36,200,193.9584148,F,2,0,1,131
36-200-F-3,36,200,193.9584148,F,3,0,0,117
36-200-F-4,36,200,193.9584148,F,4,0,1,118
36-200-F-5,36,200,193.9584148,F,5,0,0,119
36-200-F-6,36,200,193.9584148,F,6,0,1,119
36-200-F-7,36,200,193.9584148,F,7,0,0,119
36-200-F-8,36,200,193.9584148,F,8,0,1,89.67
36-200-F-9,36,200,193.9584148,F,9,0,1,108
36-200-F-10,36,200,193.9584148,F,10,0,1,90.83
36-200-F-11,36,200,193.9584148,F,11,0,1,41.67
36-200-F-12,36,200,193.9584148,F,12,0,1,59.83
36-200-F-13,36,200,193.9584148,F,13,0,1,108
36-200-F-14,36,200,193.9584148,F,14,0,0,109
36-200-F-15,36,200,193.9584148,F,15,0,1,114
36-175-F-1,36,175,169.7136129,F,1,0,0,93.83
36-175-F-2,36,175,169.7136129,F,2,0,1,129
36-175-F-3,36,175,169.7136129,F,3,0,1,38.67
36-175-F-4,36,175,169.7136129,F,4,0,0,101
36-175-F-5,36,175,169.7136129,F,5,0,1,101
36-175-F-6,36,175,169.7136129,F,6,0,1,
36-175-F-7,36,175,169.7136129,F,7,0,1,129
36-175-F-8,36,175,169.7136129,F,8,0,1,39.5
36-175-F-9,36,175,169.7136129,F,9,0,0,113
36-175-F-10,36,175,169.7136129,F,10,0,1,39.83
36-175-F-11,36,175,169.7136129,F,11,0,1,102
36-175-F-12,36,175,169.7136129,F,12,0,1,58.5
36-175-F-13,36,175,169.7136129,F,13,0,1,103
36-175-F-14,36,175,169.7136129,F,14,0,0,84.5
36-175-F-15,36,175,169.7136129,F,15,0,1,129
36-150-F-1,36,150,145.4688111,F,1,0,1,96.25
36-150-F-2,36,150,145.4688111,F,2,0,1,77.38
36-150-F-3,36,150,145.4688111,F,3,0,1,101
36-150-F-4,36,150,145.4688111,F,4,0,1,101
36-150-F-5,36,150,145.4688111,F,5,0,1,101
36-150-F-6,36,150,145.4688111,F,6,0,1,40.5
36-150-F-7,36,150,145.4688111,F,7,0,1,109.25
36-150-F-8,36,150,145.4688111,F,8,0,0,109.25
36-150-F-9,36,150,145.4688111,F,9,0,0,114.05
36-150-F-10,36,150,145.4688111,F,10,0,1,115.25
36-150-F-11,36,150,145.4688111,F,11,0,1,
36-150-F-12,36,150,145.4688111,F,12,0,1,113.32
36-150-F-13,36,150,145.4688111,F,13,0,0,114.03
36-150-F-14,36,150,145.4688111,F,14,0,1,115.25
36-150-F-15,36,150,145.4688111,F,15,0,1,72.72
36-125-F-1,36,125,126.2166667,F,1,0,1,106.25
36-125-F-2,36,125,126.2166667,F,2,0,0,
36-125-F-3,36,125,126.2166667,F,3,0,1,60.63
36-125-F-4,36,125,126.2166667,F,4,0,1,118.25
36-125-F-5,36,125,126.2166667,F,5,0,0,113.05
36-125-F-6,36,125,126.2166667,F,6,0,0,107.72
36-125-F-7,36,125,126.2166667,F,7,0,1,61.2
36-125-F-8,36,125,126.2166667,F,8,0,1,39.6
36-125-F-9,36,125,126.2166667,F,9,0,1,107.5
36-125-F-10,36,125,126.2166667,F,10,0,1,21.5
36-125-F-11,36,125,126.2166667,F,11,0,0,120.05
36-125-F-12,36,125,126.2166667,F,12,0,1,120.05
36-125-F-13,36,125,126.2166667,F,13,0,1,118.88
36-125-F-14,36,125,126.2166667,F,14,0.21,0,118.5
36-125-F-15,36,125,126.2166667,F,15,0,1,102.18
36-100-F-1,36,100,96.97920739,F,1,0.41,0,
36-100-F-2,36,100,96.97920739,F,2,0,0,
36-100-F-3,36,100,96.97920739,F,3,1.64,0,
36-100-F-4,36,100,96.97920739,F,4,1.64,0,
36-100-F-5,36,100,96.97920739,F,5,0,0,
36-100-F-6,36,100,96.97920739,F,6,0,0,
36-100-F-7,36,100,96.97920739,F,7,1.23,0,
36-100-F-8,36,100,96.97920739,F,8,0,1,32.07
36-100-F-9,36,100,96.97920739,F,9,0,1,32.42
36-100-F-10,36,100,96.97920739,F,10,0,1,
36-100-F-11,36,100,96.97920739,F,11,0.21,0,
36-100-F-12,36,100,96.97920739,F,12,0,1,
36-100-F-13,36,100,96.97920739,F,13,0,0,
36-100-F-14,36,100,96.97920739,F,14,0,0,82.22
36-100-F-15,36,100,96.97920739,F,15,0,0,
36-75-F-1,36,75,72.73440555,F,1,0.41,0,
36-75-F-2,36,75,72.73440555,F,2,0,0,
36-75-F-3,36,75,72.73440555,F,3,0,1,37.83
36-75-F-4,36,75,72.73440555,F,4,1.03,0,
36-75-F-5,36,75,72.73440555,F,5,1.64,0,
36-75-F-6,36,75,72.73440555,F,6,1.44,0,
36-75-F-7,36,75,72.73440555,F,7,0,1,
36-75-F-8,36,75,72.73440555,F,8,0,1,
36-75-F-9,36,75,72.73440555,F,9,0,1,44.33
36-75-F-10,36,75,72.73440555,F,10,0,0,44.83
36-75-F-11,36,75,72.73440555,F,11,0.62,0,
36-75-F-12,36,75,72.73440555,F,12,0,0,
36-75-F-13,36,75,72.73440555,F,13,1.03,0,
36-75-F-14,36,75,72.73440555,F,14,0,1,45.17
36-75-F-15,36,75,72.73440555,F,15,0,0,
36-50-F-1,36,50,48.4896037,F,1,0,1,
36-50-F-2,36,50,48.4896037,F,2,0,1,
36-50-F-3,36,50,48.4896037,F,3,0.21,0,
36-50-F-4,36,50,48.4896037,F,4,4.31,0,
36-50-F-5,36,50,48.4896037,F,5,0,0,
36-50-F-6,36,50,48.4896037,F,6,0,1,31.67
36-50-F-7,36,50,48.4896037,F,7,0,1,
36-50-F-8,36,50,48.4896037,F,8,1.85,0,
36-50-F-9,36,50,48.4896037,F,9,0,0,45.67
36-50-F-10,36,50,48.4896037,F,10,0,0,
36-50-F-11,36,50,48.4896037,F,11,0,0,
36-50-F-12,36,50,48.4896037,F,12,0.21,0,
36-50-F-13,36,50,48.4896037,F,13,0,1,
36-50-F-14,36,50,48.4896037,F,14,0.82,0,
36-50-F-15,36,50,48.4896037,F,15,2.46,0,
36-25-F-1,36,25,24.24480185,F,1,0.82,0,
36-25-F-2,36,25,24.24480185,F,2,0,1,
36-25-F-3,36,25,24.24480185,F,3,1.03,0,
36-25-F-4,36,25,24.24480185,F,4,0,1,
36-25-F-5,36,25,24.24480185,F,5,0,0,
36-25-F-6,36,25,24.24480185,F,6,0,0,
36-25-F-7,36,25,24.24480185,F,7,0,1,
36-25-F-8,36,25,24.24480185,F,8,0,0,
36-25-F-9,36,25,24.24480185,F,9,0.21,0,
36-25-F-10,36,25,24.24480185,F,10,0,1,
36-25-F-11,36,25,24.24480185,F,11,1.44,0,
36-25-F-12,36,25,24.24480185,F,12,0.21,0,
36-25-F-13,36,25,24.24480185,F,13,0.21,0,
36-25-F-14,36,25,24.24480185,F,14,6.56,0,
36-25-F-15,36,25,24.24480185,F,15,0,1,
35-300-F-1,35,300,714,F,1,0,1,238.25
35-300-F-2,35,300,714,F,2,0,1,248.07
35-300-F-3,35,300,714,F,3,0,1,253.95
35-300-F-4,35,300,714,F,4,0,1,262.59
35-300-F-5,35,300,714,F,5,0,1,319.9
35-300-F-6,35,300,714,F,6,0,1,297.93
35-300-F-7,35,300,714,F,7,0,1,281.43
35-300-F-8,35,300,714,F,8,0,1,262.28
35-300-F-9,35,300,714,F,9,0,1,252.74
35-300-F-10,35,300,714,F,10,0,1,277.82
35-300-F-11,35,300,714,F,11,0,1,206.68
35-300-F-12,35,300,714,F,12,0,1,255.63
35-300-F-13,35,300,714,F,13,0,1,308.64
35-300-F-14,35,300,714,F,14,0,1,305.57
35-300-F-15,35,300,714,F,15,0,1,307.63
35-250-F-1,35,250,595,F,1,0,1,298.58
35-250-F-2,35,250,595,F,2,0,1,270.32
35-250-F-3,35,250,595,F,3,0,1,244
35-250-F-4,35,250,595,F,4,0,1,250.62
35-250-F-5,35,250,595,F,5,0,1,207.44
35-250-F-6,35,250,595,F,6,0,1,305.12
35-250-F-7,35,250,595,F,7,0,1,210.61
35-250-F-8,35,250,595,F,8,0,1,272.02
35-250-F-9,35,250,595,F,9,0,1,296.41
35-250-F-10,35,250,595,F,10,0,1,220.96
35-250-F-11,35,250,595,F,11,0,1,286.38
35-250-F-12,35,250,595,F,12,0,1,227.06
35-250-F-13,35,250,595,F,13,0,1,239.5
35-250-F-14,35,250,595,F,14,0,1,266.82
35-250-F-15,35,250,595,F,15,0,1,229.82
35-200-F-1,35,200,476,F,1,0,1,243
35-200-F-2,35,200,476,F,2,0,1,290
35-200-F-3,35,200,476,F,3,0,1,256
35-200-F-4,35,200,476,F,4,0,1,243
35-200-F-5,35,200,476,F,5,0,1,41.43
35-200-F-6,35,200,476,F,6,0,1,241
35-200-F-7,35,200,476,F,7,0,1,256
35-200-F-8,35,200,476,F,8,0,1,217
35-200-F-9,35,200,476,F,9,0,1,235
35-200-F-10,35,200,476,F,10,0,1,225
35-200-F-11,35,200,476,F,11,0,1,271
35-200-F-12,35,200,476,F,12,0,1,242
35-200-F-13,35,200,476,F,13,0,1,242
35-200-F-14,35,200,476,F,14,0,1,195
35-200-F-15,35,200,476,F,15,0,1,13.45
35-175-F-1,35,175,416.5,F,1,0,1,265
35-175-F-2,35,175,416.5,F,2,0,1,175
35-175-F-3,35,175,416.5,F,3,0,1,217
35-175-F-4,35,175,416.5,F,4,0,1,252
35-175-F-5,35,175,416.5,F,5,0,1,255
35-175-F-6,35,175,416.5,F,6,0,1,256
35-175-F-7,35,175,416.5,F,7,0,1,290
35-175-F-8,35,175,416.5,F,8,0,1,260
35-175-F-9,35,175,416.5,F,9,0,1,255
35-175-F-10,35,175,416.5,F,10,0,1,261
35-175-F-11,35,175,416.5,F,11,0,1,261
35-175-F-12,35,175,416.5,F,12,0,1,260
35-175-F-13,35,175,416.5,F,13,0,1,267
35-175-F-14,35,175,416.5,F,14,0,1,254
35-175-F-15,35,175,416.5,F,15,0,1,261
35-150-F-1,35,150,357,F,1,0,1,198
35-150-F-2,35,150,357,F,2,0,1,241
35-150-F-3,35,150,357,F,3,0,1,240
35-150-F-4,35,150,357,F,4,0,1,215
35-150-F-5,35,150,357,F,5,0,1,220
35-150-F-6,35,150,357,F,6,0,1,235
35-150-F-7,35,150,357,F,7,0,1,270
35-150-F-8,35,150,357,F,8,0,1,217
35-150-F-9,35,150,357,F,9,0,1,254
35-150-F-10,35,150,357,F,10,0,1,241
35-150-F-11,35,150,357,F,11,0,1,252
35-150-F-12,35,150,357,F,12,0,1,195
35-150-F-13,35,150,357,F,13,0,1,242
35-150-F-14,35,150,357,F,14,0,1,255
35-150-F-15,35,150,357,F,15,0,1,295
35-125-F-1,35,125,297.5,F,1,3.93,0,210
35-125-F-2,35,125,297.5,F,2,2.4,0,257
35-125-F-3,35,125,297.5,F,3,2.4,0,210
35-125-F-4,35,125,297.5,F,4,0,1,238
35-125-F-5,35,125,297.5,F,5,0,0,240
35-125-F-6,35,125,297.5,F,6,0,1,265
35-125-F-7,35,125,297.5,F,7,4.8,0,
35-125-F-8,35,125,297.5,F,8,0,1,240
35-125-F-9,35,125,297.5,F,9,1.53,0,296
35-125-F-10,35,125,297.5,F,10,0,1,235
35-125-F-11,35,125,297.5,F,11,0,1,130.5
35-125-F-12,35,125,297.5,F,12,0,1,260
35-125-F-13,35,125,297.5,F,13,4.36,0,243
35-125-F-14,35,125,297.5,F,14,1.31,0,243
35-125-F-15,35,125,297.5,F,15,0,1,243
35-100-F-1,35,100,238,F,1,1.09,0,
35-100-F-2,35,100,238,F,2,0,1,123.83
35-100-F-3,35,100,238,F,3,3.93,0,
35-100-F-4,35,100,238,F,4,0,0,217
35-100-F-5,35,100,238,F,5,0,1,
35-100-F-6,35,100,238,F,6,2.4,0,201
35-100-F-7,35,100,238,F,7,1.53,0,
35-100-F-8,35,100,238,F,8,3.27,0,
35-100-F-9,35,100,238,F,9,3.05,0,220
35-100-F-10,35,100,238,F,10,0,0,
35-100-F-11,35,100,238,F,11,1.96,0,
35-100-F-12,35,100,238,F,12,0,1,
35-100-F-13,35,100,238,F,13,1.75,0,
35-100-F-14,35,100,238,F,14,2.62,0,
35-100-F-15,35,100,238,F,15,0,0,202
35-75-F-1,35,75,178.5,F,1,3.93,0,
35-75-F-2,35,75,178.5,F,2,0,1,
35-75-F-3,35,75,178.5,F,3,0.65,0,
35-75-F-4,35,75,178.5,F,4,0,0,122.72
35-75-F-5,35,75,178.5,F,5,0,0,
35-75-F-6,35,75,178.5,F,6,4.36,0,
35-75-F-7,35,75,178.5,F,7,0.22,0,
35-75-F-8,35,75,178.5,F,8,1.75,0,
35-75-F-9,35,75,178.5,F,9,3.93,0,
35-75-F-10,35,75,178.5,F,10,3.27,0,
35-75-F-11,35,75,178.5,F,11,6.98,0,
35-75-F-12,35,75,178.5,F,12,5.24,0,
35-75-F-13,35,75,178.5,F,13,0.44,0,
35-75-F-14,35,75,178.5,F,14,1.09,0,
35-75-F-15,35,75,178.5,F,15,0,1,
35-50-F-1,35,50,119,F,1,5.89,0,
35-50-F-2,35,50,119,F,2,4.8,0,
35-50-F-3,35,50,119,F,3,3.49,0,
35-50-F-4,35,50,119,F,4,1.53,0,
35-50-F-5,35,50,119,F,5,4.15,0,
35-50-F-6,35,50,119,F,6,2.18,0,
35-50-F-7,35,50,119,F,7,5.24,0,
35-50-F-8,35,50,119,F,8,0,1,
35-50-F-9,35,50,119,F,9,0,0,
35-50-F-10,35,50,119,F,10,0,1,
35-50-F-11,35,50,119,F,11,7.64,0,
35-50-F-12,35,50,119,F,12,0,0,
35-50-F-13,35,50,119,F,13,0,1,
35-50-F-14,35,50,119,F,14,6.55,0,
35-50-F-15,35,50,119,F,15,3.27,0,
35-25-F-1,35,25,59.5,F,1,4.36,0,
35-25-F-2,35,25,59.5,F,2,11.35,0,
35-25-F-3,35,25,59.5,F,3,0.44,0,
35-25-F-4,35,25,59.5,F,4,5.45,0,
35-25-F-5,35,25,59.5,F,5,6.33,0,
35-25-F-6,35,25,59.5,F,6,4.36,0,
35-25-F-7,35,25,59.5,F,7,0,1,
35-25-F-8,35,25,59.5,F,8,0,1,
35-25-F-9,35,25,59.5,F,9,11.35,0,
35-25-F-10,35,25,59.5,F,10,0,0,
35-25-F-11,35,25,59.5,F,11,0.44,0,
35-25-F-12,35,25,59.5,F,12,2.18,0,
35-25-F-13,35,25,59.5,F,13,9.38,0,
35-25-F-14,35,25,59.5,F,14,3.49,0,
35-25-F-15,35,25,59.5,F,15,1.96,0,
34-200-F-9,34,200,1168.16793,F,9,0,1,484
34-200-F-12,34,200,1168.16793,F,12,0,1,532
34-200-F-10,34,200,1168.16793,F,10,0,1,551
34-200-F-3,34,200,1168.16793,F,3,0,1,568
34-200-F-13,34,200,1168.16793,F,13,0,1,578
34-200-F-6,34,200,1168.16793,F,6,0,1,603
34-200-F-11,34,200,1168.16793,F,11,0,1,613
34-200-F-2,34,200,1168.16793,F,2,0,1,699
34-200-F-7,34,200,1168.16793,F,7,0,1,699
34-200-F-4,34,200,1168.16793,F,4,0,1,706
34-200-F-8,34,200,1168.16793,F,8,0,1,711
34-200-F-1,34,200,1168.16793,F,1,0,1,
34-200-F-5,34,200,1168.16793,F,5,0,1,
34-200-F-14,34,200,1168.16793,F,14,0,1,
34-200-F-15,34,200,1168.16793,F,15,0,1,
34-175-F-1,34,175,1022.146939,F,1,0,1,485
34-175-F-9,34,175,1022.146939,F,9,0,1,485
34-175-F-4,34,175,1022.146939,F,4,0,1,503
34-175-F-2,34,175,1022.146939,F,2,0,1,541
34-175-F-11,34,175,1022.146939,F,11,0,1,544
34-175-F-15,34,175,1022.146939,F,15,0,1,577
34-175-F-14,34,175,1022.146939,F,14,0,1,612
34-175-F-13,34,175,1022.146939,F,13,0,1,621
34-175-F-7,34,175,1022.146939,F,7,0,1,629
34-175-F-12,34,175,1022.146939,F,12,0,1,648
34-175-F-8,34,175,1022.146939,F,8,0,1,664
34-175-F-10,34,175,1022.146939,F,10,0,1,711
34-175-F-5,34,175,1022.146939,F,5,0,1,732
34-175-F-3,34,175,1022.146939,F,3,0,1,
34-175-F-6,34,175,1022.146939,F,6,0,1,
34-150-F-3,34,150,876.1259479,F,3,0,1,319
34-150-F-4,34,150,876.1259479,F,4,0,1,522
34-150-F-7,34,150,876.1259479,F,7,0,1,522
34-150-F-1,34,150,876.1259479,F,1,0,1,528
34-150-F-13,34,150,876.1259479,F,13,0,1,536
34-150-F-9,34,150,876.1259479,F,9,0,1,549
34-150-F-2,34,150,876.1259479,F,2,0,1,557
34-150-F-11,34,150,876.1259479,F,11,0,1,565
34-150-F-12,34,150,876.1259479,F,12,0,1,579
34-150-F-8,34,150,876.1259479,F,8,0,1,581
34-150-F-15,34,150,876.1259479,F,15,0,1,626
34-150-F-5,34,150,876.1259479,F,5,0,1,658
34-150-F-10,34,150,876.1259479,F,10,0,1,659
34-150-F-14,34,150,876.1259479,F,14,0,1,732
34-150-F-6,34,150,876.1259479,F,6,0,1,
34-125-F-1,34,125,730.1049565,F,1,0,1,480
34-125-F-3,34,125,730.1049565,F,3,0,1,484
34-125-F-2,34,125,730.1049565,F,2,0,1,505
34-125-F-4,34,125,730.1049565,F,4,0,1,535
34-125-F-15,34,125,730.1049565,F,15,0,1,553
34-125-F-10,34,125,730.1049565,F,10,0,1,562
34-125-F-12,34,125,730.1049565,F,12,0,1,665
34-125-F-7,34,125,730.1049565,F,7,0,1,685
34-125-F-6,34,125,730.1049565,F,6,0,1,698
34-125-F-14,34,125,730.1049565,F,14,0,1,716
34-125-F-13,34,125,730.1049565,F,13,0,0,621
34-125-F-5,34,125,730.1049565,F,5,0,0,665
34-125-F-11,34,125,730.1049565,F,11,0,0,671
34-125-F-8,34,125,730.1049565,F,8,0,0,
34-125-F-9,34,125,730.1049565,F,9,0,0,
34-100-F-14,34,100,584.0839652,F,14,0,1,493
34-100-F-13,34,100,584.0839652,F,13,0,1,479
34-100-F-10,34,100,584.0839652,F,10,0,1,
34-100-F-11,34,100,584.0839652,F,11,0,1,
34-100-F-8,34,100,584.0839652,F,8,0,1,511
34-100-F-6,34,100,584.0839652,F,6,0,1,
34-100-F-4,34,100,584.0839652,F,4,0,1,492
34-100-F-5,34,100,584.0839652,F,5,0,1,
34-100-F-2,34,100,584.0839652,F,2,0,1,529
34-100-F-3,34,100,584.0839652,F,3,0,1,
34-100-F-15,34,100,584.0839652,F,15,1.33,0,
34-100-F-12,34,100,584.0839652,F,12,0,0,
34-100-F-9,34,100,584.0839652,F,9,0,0,
34-100-F-7,34,100,584.0839652,F,7,0.19,0,
34-100-F-1,34,100,584.0839652,F,1,1.14,0,389
34-75-F-13,34,75,438.0629739,F,13,0,1,412
34-75-F-4,34,75,438.0629739,F,4,0,1,
34-75-F-1,34,75,438.0629739,F,1,0,1,
34-75-F-15,34,75,438.0629739,F,15,0.57,0,
34-75-F-14,34,75,438.0629739,F,14,4,0,
34-75-F-12,34,75,438.0629739,F,12,1.14,0,
34-75-F-11,34,75,438.0629739,F,11,0,0,
34-75-F-10,34,75,438.0629739,F,10,0.19,0,
34-75-F-8,34,75,438.0629739,F,8,1.71,0,
34-75-F-9,34,75,438.0629739,F,9,0.95,0,
34-75-F-7,34,75,438.0629739,F,7,0.57,0,
34-75-F-6,34,75,438.0629739,F,6,2.1,0,
34-75-F-5,34,75,438.0629739,F,5,0.38,0,
34-75-F-2,34,75,438.0629739,F,2,0.76,0,
34-75-F-3,34,75,438.0629739,F,3,1.33,0,
34-50-F-8,34,50,292.0419826,F,8,0,1,
34-50-F-1,34,50,292.0419826,F,1,0,1,124
34-50-F-15,34,50,292.0419826,F,15,5.33,0,
34-50-F-14,34,50,292.0419826,F,14,0,0,
34-50-F-13,34,50,292.0419826,F,13,1.14,0,
34-50-F-12,34,50,292.0419826,F,12,2.67,0,
34-50-F-10,34,50,292.0419826,F,10,0.57,0,
34-50-F-11,34,50,292.0419826,F,11,1.33,0,
34-50-F-9,34,50,292.0419826,F,9,2.86,0,
34-50-F-7,34,50,292.0419826,F,7,2.48,0,
34-50-F-6,34,50,292.0419826,F,6,6.29,0,
34-50-F-5,34,50,292.0419826,F,5,0.76,0,
34-50-F-4,34,50,292.0419826,F,4,2.86,0,
34-50-F-3,34,50,292.0419826,F,3,3.62,0,
34-50-F-2,34,50,292.0419826,F,2,5.14,0,
34-25-F-15,34,25,146.0209913,F,15,9.14,0,
34-25-F-14,34,25,146.0209913,F,14,5.9,0,
34-25-F-13,34,25,146.0209913,F,13,4.95,0,
34-25-F-11,34,25,146.0209913,F,11,2.29,0,
34-25-F-12,34,25,146.0209913,F,12,6.67,0,
34-25-F-9,34,25,146.0209913,F,9,3.81,0,
34-25-F-10,34,25,146.0209913,F,10,5.33,0,
34-25-F-7,34,25,146.0209913,F,7,5.9,0,
34-25-F-8,34,25,146.0209913,F,8,9.52,0,
34-25-F-6,34,25,146.0209913,F,6,4.57,0,
34-25-F-5,34,25,146.0209913,F,5,8.57,0,
34-25-F-4,34,25,146.0209913,F,4,3.24,0,
34-25-F-3,34,25,146.0209913,F,3,7.43,0,
34-25-F-1,34,25,146.0209913,F,1,7.43,0,
34-25-F-2,34,25,146.0209913,F,2,7.24,0,
