spec,age,temp,dur,rep,surv,total,survival_rate
MD,2,40,0,1,10,10,1
MD,2,40,0,2,10,10,1
MD,2,40,0,3,10,10,1
MD,2,40,2,1,10,10,1
MD,2,40,2,2,10,10,1
MD,2,40,2,3,10,10,1
MD,2,40,4,1,9,10,0.9
MD,2,40,4,2,8,10,0.8
MD,2,40,4,3,8,14,0.57
MD,2,40,6,1,5,8,0.63
MD,2,40,6,2,6,10,0.6
MD,2,40,6,3,2,11,0.18
MD,2,40,8,1,4,10,0.4
MD,2,40,8,2,3,9,0.33
MD,2,40,8,3,0,14,0
MD,2,40,10,1,0,9,0
MD,2,40,10,2,0,8,0
MD,2,40,10,3,0,10,0
MD,2,39,0,1,10,10,1
MD,2,39,0,2,10,10,1
MD,2,39,0,3,10,10,1
MD,2,39,5,1,10,10,1
MD,2,39,5,2,10,10,1
MD,2,39,5,3,10,10,1
MD,2,39,7,1,5,8,0.63
MD,2,39,7,2,9,10,0.9
MD,2,39,7,3,7,9,0.78
MD,2,39,9,1,4,8,0.5
MD,2,39,9,2,5,12,0.42
MD,2,39,9,3,5,11,0.45
MD,2,39,10,1,2,10,0.2
MD,2,39,10,2,2,11,0.18
MD,2,39,10,3,0,11,0
MD,2,39,13,1,0,16,0
MD,2,39,13,2,0,11,0
MD,2,39,13,3,0,10,0
MD,2,39,15,1,0,10,0
MD,2,39,15,2,0,13,0
MD,2,38,0,1,10,10,1
MD,2,38,0,2,10,10,1
MD,2,38,0,3,10,10,1
MD,2,38,10,1,10,10,1
MD,2,38,10,2,8,10,0.8
MD,2,38,10,3,10,10,1
MD,2,38,12,1,8,10,0.8
MD,2,38,12,2,8,10,0.8
MD,2,38,12,3,6,10,0.6
MD,2,38,15,1,7,10,0.7
MD,2,38,15,2,7,10,0.7
MD,2,38,15,3,2,10,0.2
MD,2,38,18,1,5,10,0.5
MD,2,38,18,2,4,8,0.5
MD,2,38,18,3,1,9,0.11
MD,2,38,20,1,4,8,0.5
MD,2,38,20,2,5,9,0.56
MD,2,38,20,3,0,11,0
MD,2,38,25,1,2,10,0.2
MD,2,38,25,2,2,11,0.18
MD,2,38,25,3,0,11,0
MD,2,38,30,1,0,8,0
MD,2,38,30,2,0,9,0
MD,2,38,30,3,0,12,0
MD,2,37,0,1,10,10,1
MD,2,37,0,2,10,10,1
MD,2,37,0,3,10,10,1
MD,2,37,15,1,10,10,1
MD,2,37,15,2,13,13,1
MD,2,37,15,3,10,10,1
MD,2,37,20,1,9,10,0.9
MD,2,37,20,2,9,10,0.9
MD,2,37,20,3,7,10,0.7
MD,2,37,25,1,5,10,0.5
MD,2,37,25,2,6,10,0.6
MD,2,37,25,3,3,10,0.3
MD,2,37,30,1,3,10,0.3
MD,2,37,30,2,4,9,0.44
MD,2,37,30,3,0,9,0
MD,2,37,35,1,2,10,0.2
MD,2,37,35,2,1,8,0.13
MD,2,37,35,3,0,14,0
MD,2,37,40,1,2,11,0.18
MD,2,37,40,2,1,9,0.11
MD,2,37,40,3,0,10,0
MD,2,37,45,1,0,9,0
MD,2,37,45,2,0,10,0
MD,2,37,45,3,0,20,0
MD,2,36,0,1,10,10,1
MD,2,36,0,2,10,10,1
MD,2,36,0,3,10,10,1
MD,2,36,25,1,9,10,0.9
MD,2,36,25,2,10,10,1
MD,2,36,35,1,10,10,1
MD,2,36,35,2,10,10,1
MD,2,36,35,3,9,10,0.9
MD,2,36,40,1,4,10,0.4
MD,2,36,40,2,5,10,0.5
MD,2,36,40,3,5,10,0.5
MD,2,36,45,1,5,10,0.5
MD,2,36,45,2,4,8,0.5
MD,2,36,45,3,4,10,0.4
MD,2,36,55,1,3,9,0.33
MD,2,36,55,2,4,10,0.4
MD,2,36,55,3,1,10,0.1
MD,2,36,65,1,1,10,0.1
MD,2,36,65,2,1,10,0.1
MD,2,36,65,3,0,13,0
MD,2,36,70,1,0,15,0
MD,2,36,70,2,0,11,0
MD,2,36,70,3,1,10,0.1
MD,2,36,75,1,0,10,0
MD,2,36,75,2,0,10,0
MD,2,36,75,3,0,10,0
MD,2,35,0,1,10,10,1
MD,2,35,0,2,10,10,1
MD,2,35,0,3,10,10,1
MD,2,35,30,1,10,10,1
MD,2,35,30,2,10,10,1
MD,2,35,30,3,7,8,0.88
MD,2,35,40,1,8,10,0.8
MD,2,35,40,2,9,10,0.9
MD,2,35,40,3,7,8,0.88
MD,2,35,50,1,7,10,0.7
MD,2,35,50,2,5,7,0.71
MD,2,35,50,3,6,10,0.6
MD,2,35,60,1,2,5,0.4
MD,2,35,60,2,6,12,0.5
MD,2,35,60,3,5,9,0.56
MD,2,35,60,4,3,10,0.3
MD,2,35,80,1,1,9,0.11
MD,2,35,80,2,2,8,0.25
MD,2,35,80,3,1,10,0.1
MD,2,35,100,1,0,10,0
MD,2,35,100,2,2,12,0.17
MD,2,35,100,3,0,10,0
MD,2,35,110,1,0,10,0
MD,2,35,110,2,0,10,0
MD,2,35,110,3,0,10,0
MD,2,35,120,1,0,5,0
MD,2,35,120,2,0,10,0
MD,2,35,120,3,0,10,0
MD,2,34,0,1,10,10,1
MD,2,34,0,2,10,10,1
MD,2,34,0,3,10,10,1
MD,2,34,60,1,8,9,0.89
MD,2,34,60,2,8,8,1
MD,2,34,60,3,9,10,0.9
MD,2,34,90,1,8,9,0.89
MD,2,34,90,2,7,10,0.7
MD,2,34,90,3,6,10,0.6
MD,2,34,120,1,6,10,0.6
MD,2,34,120,2,6,10,0.6
MD,2,34,120,3,3,10,0.3
MD,2,34,135,1,2,10,0.2
MD,2,34,135,2,0,10,0
MD,2,34,135,3,0,10,0
MD,2,34,150,1,1,8,0.13
MD,2,34,150,2,2,10,0.2
MD,2,34,150,3,0,10,0
MD,2,34,165,1,0,9,0
MD,2,34,165,2,0,10,0
MD,2,34,165,3,0,10,0
MD,2,34,180,1,0,10,0
MD,2,34,180,2,0,5,0
MD,6,40,0,1,10,10,1
MD,6,40,0,2,10,10,1
MD,6,40,0,3,10,10,1
MD,6,40,2,1,4,4,1
MD,6,40,2,2,9,10,0.9
MD,6,40,4,1,9,9,1
MD,6,40,4,2,10,10,1
MD,6,40,4,3,10,10,1
MD,6,40,5,1,8,10,0.8
MD,6,40,5,2,6,10,0.6
MD,6,40,5,3,5,10,0.5
MD,6,40,6,1,2,10,0.2
MD,6,40,6,2,6,9,0.67
MD,6,40,6,3,5,10,0.5
MD,6,40,6,4,5,10,0.5
MD,6,40,8,1,3,10,0.3
MD,6,40,8,2,0,10,0
MD,6,40,8,3,1,8,0.13
MD,6,40,8,4,1,10,0.1
MD,6,40,10,1,0,10,0
MD,6,40,10,2,1,10,0.1
MD,6,40,10,3,0,10,0
MD,6,40,12,1,0,10,0
MD,6,40,12,2,0,10,0
MD,6,40,12,3,0,10,0
MD,6,39,0,1,10,10,1
MD,6,39,0,2,10,10,1
MD,6,39,0,3,10,10,1
MD,6,39,5,1,10,10,1
MD,6,39,5,2,9,10,0.9
MD,6,39,5,3,9,10,0.9
MD,6,39,5,4,10,10,1
MD,6,39,7,1,6,8,0.75
MD,6,39,7,2,6,9,0.67
MD,6,39,7,3,5,10,0.5
MD,6,39,8,1,8,9,0.89
MD,6,39,8,2,9,9,1
MD,6,39,9,1,5,10,0.5
MD,6,39,9,2,11,11,1
MD,6,39,9,3,3,10,0.3
MD,6,39,9,4,3,8,0.38
MD,6,39,10,1,2,6,0.33
MD,6,39,10,2,8,9,0.89
MD,6,39,10,3,3,10,0.3
MD,6,39,10,4,3,12,0.25
MD,6,39,12,1,0,10,0
MD,6,39,12,2,5,9,0.56
MD,6,39,12,3,1,10,0.1
MD,6,39,12,4,2,10,0.2
MD,6,39,15,1,0,10,0
MD,6,39,15,2,0,10,0
MD,6,39,15,3,0,10,0
MD,6,38,0,1,10,10,1
MD,6,38,0,2,10,10,1
MD,6,38,0,3,10,10,1
MD,6,38,7,1,7,7,1
MD,6,38,7,2,9,9,1
MD,6,38,7,3,10,12,0.83
MD,6,38,10,1,8,10,0.8
MD,6,38,10,2,7,10,0.7
MD,6,38,10,3,10,12,0.83
MD,6,38,12,1,5,9,0.56
MD,6,38,12,2,9,10,0.9
MD,6,38,12,3,5,10,0.5
MD,6,38,12,4,4,8,0.5
MD,6,38,15,1,5,9,0.56
MD,6,38,15,2,5,10,0.5
MD,6,38,15,3,5,8,0.63
MD,6,38,20,1,5,10,0.5
MD,6,38,20,2,4,10,0.4
MD,6,38,20,3,4,11,0.36
MD,6,38,20,4,3,10,0.3
MD,6,38,22,1,1,11,0.09
MD,6,38,22,2,0,10,0
MD,6,38,22,3,0,9,0
MD,6,38,25,1,0,9,0
MD,6,38,25,2,0,10,0
MD,6,38,25,3,0,12,0
MD,6,38,25,4,0,10,0
MD,6,37,0,1,10,10,1
MD,6,37,0,2,10,10,1
MD,6,37,0,3,10,10,1
MD,6,37,8,1,10,10,1
MD,6,37,10,1,9,10,0.9
MD,6,37,10,2,10,10,1
MD,6,37,10,3,9,10,0.9
MD,6,37,15,1,8,10,0.8
MD,6,37,15,2,7,10,0.7
MD,6,37,15,3,7,10,0.7
MD,6,37,20,1,4,9,0.44
MD,6,37,20,2,5,10,0.5
MD,6,37,20,3,7,10,0.7
MD,6,37,23,1,6,10,0.6
MD,6,37,23,2,4,8,0.5
MD,6,37,25,1,5,9,0.56
MD,6,37,25,2,3,11,0.27
MD,6,37,25,3,3,9,0.33
MD,6,37,30,1,1,8,0.13
MD,6,37,30,2,3,11,0.27
MD,6,37,30,3,2,9,0.22
MD,6,37,35,1,3,11,0.27
MD,6,37,35,2,2,10,0.2
MD,6,37,35,3,1,9,0.11
MD,6,37,40,1,0,10,0
MD,6,37,40,2,0,10,0
MD,6,37,40,3,0,10,0
MD,6,36,0,1,10,10,1
MD,6,36,0,2,10,10,1
MD,6,36,0,3,10,10,1
MD,6,36,25,1,10,10,1
MD,6,36,30,1,9,9,1
MD,6,36,30,2,8,9,0.89
MD,6,36,30,3,9,10,0.9
MD,6,36,40,1,6,10,0.6
MD,6,36,40,2,5,10,0.5
MD,6,36,40,3,6,10,0.6
MD,6,36,50,1,4,10,0.4
MD,6,36,50,2,3,11,0.27
MD,6,36,50,3,3,10,0.3
MD,6,36,60,1,1,10,0.1
MD,6,36,60,2,1,10,0.1
MD,6,36,60,3,0,11,0
MD,6,36,70,1,0,10,0
MD,6,36,70,2,0,10,0
MD,6,36,70,3,0,11,0
MD,6,35,0,1,10,10,1
MD,6,35,0,2,10,10,1
MD,6,35,0,3,10,10,1
MD,6,35,40,1,5,7,0.71
MD,6,35,40,2,8,10,0.8
MD,6,35,40,3,8,10,0.8
MD,6,35,60,1,8,10,0.8
MD,6,35,60,2,4,8,0.5
MD,6,35,60,3,6,10,0.6
MD,6,35,80,1,6,10,0.6
MD,6,35,80,2,4,10,0.4
MD,6,35,80,3,4,9,0.44
MD,6,35,100,1,2,8,0.25
MD,6,35,100,2,2,11,0.18
MD,6,35,100,3,2,9,0.22
MD,6,35,120,1,0,10,0
MD,6,35,120,2,0,10,0
MD,6,35,120,3,0,11,0
MD,6,34,0,1,10,10,1
MD,6,34,0,2,10,10,1
MD,6,34,0,3,10,10,1
MD,6,34,60,1,8,10,0.8
MD,6,34,60,2,8,10,0.8
MD,6,34,60,3,12,12,1
MD,6,34,90,1,7,10,0.7
MD,6,34,90,2,7,10,0.7
MD,6,34,120,1,5,10,0.5
MD,6,34,120,2,6,10,0.6
MD,6,34,120,3,6,10,0.6
MD,6,34,150,1,3,10,0.3
MD,6,34,150,2,1,10,0.1
MD,6,34,150,3,9,17,0.53
MD,6,34,180,1,2,12,0.17
MD,6,34,180,2,4,10,0.4
MD,6,34,180,3,2,11,0.18
MD,6,34,190,1,1,10,0.1
MD,6,34,190,2,0,8,0
MD,6,34,190,3,0,10,0
MD,6,34,200,1,0,9,0
MD,6,34,200,2,2,13,0.15
MD,6,34,200,3,0,11,0
MD,6,34,210,1,0,10,0
MD,6,34,210,2,0,10,0
MD,6,34,210,3,0,10,0
MD,12,40,0,1,10,10,1
MD,12,40,0,2,10,10,1
MD,12,40,0,3,10,10,1
MD,12,40,4,1,8,10,0.8
MD,12,40,4,2,4,9,0.44
MD,12,40,4,3,9,10,0.9
MD,12,40,4,4,8,8,1
MD,12,40,5,1,5,11,0.45
MD,12,40,5,2,6,11,0.55
MD,12,40,5,3,2,6,0.33
MD,12,40,6,1,5,9,0.56
MD,12,40,6,2,5,10,0.5
MD,12,40,6,3,6,7,0.86
MD,12,40,6,4,6,8,0.75
MD,12,40,7,1,9,10,0.9
MD,12,40,7,2,7,12,0.58
MD,12,40,7,3,3,8,0.38
MD,12,40,7,4,5,9,0.56
MD,12,40,7,5,0,10,0
MD,12,40,8,1,6,10,0.6
MD,12,40,8,2,6,10,0.6
MD,12,40,8,3,2,9,0.22
MD,12,40,8,4,3,9,0.33
MD,12,40,8,5,0,8,0
MD,12,40,9,1,3,11,0.27
MD,12,40,9,2,0,8,0
MD,12,40,10,1,0,10,0
MD,12,40,10,2,0,10,0
MD,12,40,10,3,0,9,0
MD,12,40,10,4,0,8,0
MD,12,39,0,1,10,10,1
MD,12,39,0,2,10,10,1
MD,12,39,0,3,10,10,1
MD,12,39,5,1,7,10,0.7
MD,12,39,5,2,10,10,1
MD,12,39,5,3,10,10,1
MD,12,39,7,1,8,10,0.8
MD,12,39,7,2,7,9,0.78
MD,12,39,7,3,9,10,0.9
MD,12,39,10,1,9,10,0.9
MD,12,39,10,2,6,6,1
MD,12,39,10,3,3,8,0.38
MD,12,39,10,4,4,10,0.4
MD,12,39,12,1,1,8,0.13
MD,12,39,12,2,2,4,0.5
MD,12,39,12,3,5,13,0.38
MD,12,39,12,4,2,11,0.18
MD,12,39,12,5,2,12,0.17
MD,12,39,14,1,2,10,0.2
MD,12,39,14,2,0,9,0
MD,12,39,14,3,0,9,0
MD,12,39,15,1,0,10,0
MD,12,39,15,2,0,10,0
MD,12,39,15,3,0,6,0
MD,12,38,0,1,10,10,1
MD,12,38,0,2,10,10,1
MD,12,38,0,3,10,10,1
MD,12,38,5,1,9,9,1
MD,12,38,5,2,10,10,1
MD,12,38,10,1,8,10,0.8
MD,12,38,10,2,8,8,1
MD,12,38,10,3,9,10,0.9
MD,12,38,10,4,10,10,1
MD,12,38,15,1,5,8,0.63
MD,12,38,15,2,4,7,0.57
MD,12,38,15,3,7,10,0.7
MD,12,38,15,4,7,10,0.7
MD,12,38,20,1,3,6,0.5
MD,12,38,20,2,5,13,0.38
MD,12,38,20,3,6,9,0.67
MD,12,38,20,4,6,10,0.6
MD,12,38,23,1,5,9,0.56
MD,12,38,23,2,5,10,0.5
MD,12,38,23,3,0,8,0
MD,12,38,25,1,0,11,0
MD,12,38,25,2,0,10,0
MD,12,38,25,3,3,11,0.27
MD,12,38,28,1,1,8,0.13
MD,12,38,28,2,0,8,0
MD,12,38,28,3,0,10,0
MD,12,38,30,1,0,10,0
MD,12,38,30,2,0,10,0
MD,12,38,30,3,0,10,0
MD,12,37,0,1,10,10,1
MD,12,37,0,2,10,10,1
MD,12,37,0,3,10,10,1
MD,12,37,15,1,10,10,1
MD,12,37,15,2,9,10,0.9
MD,12,37,20,1,8,10,0.8
MD,12,37,20,2,8,10,0.8
MD,12,37,20,3,8,10,0.8
MD,12,37,30,1,6,10,0.6
MD,12,37,30,2,6,10,0.6
MD,12,37,30,3,2,3,0.67
MD,12,37,35,1,4,10,0.4
MD,12,37,35,2,3,8,0.38
MD,12,37,35,3,2,10,0.2
MD,12,37,38,1,3,9,0.33
MD,12,37,38,2,2,10,0.2
MD,12,37,40,1,3,19,0.16
MD,12,37,40,2,1,9,0.11
MD,12,37,40,3,4,10,0.4
MD,12,37,50,1,0,10,0
MD,12,37,55,1,1,13,0.08
MD,12,37,55,2,0,9,0
MD,12,37,55,3,0,11,0
MD,12,37,60,3,0,10,0
MD,12,36,0,1,10,10,1
MD,12,36,0,2,10,10,1
MD,12,36,0,3,10,10,1
MD,12,36,25,1,11,12,0.92
MD,12,36,25,2,10,10,1
MD,12,36,35,1,6,9,0.67
MD,12,36,35,2,9,10,0.9
MD,12,36,35,3,8,10,0.8
MD,12,36,35,4,8,10,0.8
MD,12,36,45,1,10,14,0.71
MD,12,36,45,2,4,9,0.44
MD,12,36,45,3,7,10,0.7
MD,12,36,45,4,8,10,0.8
MD,12,36,55,1,6,11,0.55
MD,12,36,55,2,5,10,0.5
MD,12,36,55,3,5,10,0.5
MD,12,36,65,1,5,12,0.42
MD,12,36,65,2,5,10,0.5
MD,12,36,65,3,4,10,0.4
MD,12,36,65,4,3,10,0.3
MD,12,36,70,1,4,10,0.4
MD,12,36,70,2,4,11,0.36
MD,12,36,75,1,1,10,0.1
MD,12,36,75,2,0,10,0
MD,12,36,75,3,0,10,0
MD,12,36,80,1,0,9,0
MD,12,36,80,2,0,10,0
MD,12,36,80,3,0,10,0
MD,12,35,0,1,10,10,1
MD,12,35,0,2,10,10,1
MD,12,35,0,3,10,10,1
MD,12,35,30,1,10,10,1
MD,12,35,30,2,10,10,1
MD,12,35,45,1,10,10,1
MD,12,35,45,2,10,10,1
MD,12,35,60,1,10,10,1
MD,12,35,75,1,10,10,1
MD,12,35,75,2,10,10,1
MD,12,35,90,1,10,10,1
MD,12,35,90,2,8,10,0.8
MD,12,35,90,3,9,10,0.9
MD,12,35,90,4,8,10,0.8
MD,12,35,105,1,7,10,0.7
MD,12,35,105,2,4,6,0.67
MD,12,35,105,3,6,10,0.6
MD,12,35,105,4,6,9,0.67
MD,12,35,105,5,5,10,0.5
MD,12,35,120,1,3,9,0.33
MD,12,35,120,2,2,9,0.22
MD,12,35,120,3,2,10,0.2
MD,12,35,120,4,2,10,0.2
MD,12,35,130,1,0,9,0
MD,12,35,130,2,0,10,0
MD,12,35,130,3,0,10,0
MD,12,34,0,1,10,10,1
MD,12,34,0,2,10,10,1
MD,12,34,0,3,10,10,1
MD,12,34,90,1,5,6,0.83
MD,12,34,90,2,10,10,1
MD,12,34,100,1,7,8,0.88
MD,12,34,100,2,8,9,0.89
MD,12,34,100,3,10,10,1
MD,12,34,110,1,10,10,1
MD,12,34,110,2,8,10,0.8
MD,12,34,120,1,3,8,0.38
MD,12,34,120,2,10,10,1
MD,12,34,120,3,10,10,1
MD,12,34,130,1,7,9,0.78
MD,12,34,130,2,9,9,1
MD,12,34,150,1,6,9,0.67
MD,12,34,150,2,4,4,1
MD,12,34,150,3,4,11,0.36
MD,12,34,180,1,7,12,0.58
MD,12,34,180,2,5,10,0.5
MD,12,34,180,3,7,9,0.78
MD,12,34,180,4,8,10,0.8
MD,12,34,210,1,7,12,0.58
MD,12,34,210,2,6,12,0.5
MD,12,34,210,3,5,10,0.5
MD,12,34,240,1,6,12,0.5
MD,12,34,240,2,3,10,0.3
MD,12,34,270,1,1,10,0.1
MD,12,34,270,2,3,12,0.25
MD,12,34,270,3,2,9,0.22
MD,12,34,270,4,3,9,0.33
MD,12,34,300,1,1,10,0.1
MD,12,34,300,2,1,10,0.1
MD,12,34,310,1,2,9,0.22
MD,12,34,310,2,3,10,0.3
MD,12,34,310,3,1,10,0.1
MD,12,34,320,1,0,10,0
MD,12,34,320,2,0,10,0
MD,12,34,320,3,0,4,0
MD,12,34,338,1,0,10,0
RP,2,40,0,1,10,10,1
RP,2,40,0,2,10,10,1
RP,2,40,0,3,10,10,1
RP,2,40,4,1,9,10,0.9
RP,2,40,4,2,8,10,0.8
RP,2,40,4,3,9,10,0.9
RP,2,40,6,1,6,10,0.6
RP,2,40,6,2,5,10,0.5
RP,2,40,6,3,7,10,0.7
RP,2,40,8,1,5,10,0.5
RP,2,40,8,2,4,14,0.29
RP,2,40,8,3,4,10,0.4
RP,2,40,10,1,1,10,0.1
RP,2,40,10,2,2,10,0.2
RP,2,40,10,3,1,10,0.1
RP,2,40,12,1,0,10,0
RP,2,40,12,2,0,11,0
RP,2,40,12,3,0,17,0
RP,2,39,0,1,10,10,1
RP,2,39,0,2,10,10,1
RP,2,39,0,3,10,10,1
RP,2,39,5,1,11,11,1
RP,2,39,5,2,10,10,1
RP,2,39,8,1,6,8,0.75
RP,2,39,8,2,6,9,0.67
RP,2,39,8,3,9,9,1
RP,2,39,11,1,6,9,0.67
RP,2,39,11,2,6,10,0.6
RP,2,39,11,3,4,7,0.57
RP,2,39,14,1,3,10,0.3
RP,2,39,14,2,3,10,0.3
RP,2,39,14,3,2,7,0.29
RP,2,39,17,1,2,10,0.2
RP,2,39,17,2,1,10,0.1
RP,2,39,17,3,2,10,0.2
RP,2,39,20,1,0,10,0
RP,2,39,20,2,0,10,0
RP,2,39,20,3,0,10,0
RP,2,38,0,1,10,10,1
RP,2,38,0,2,10,10,1
RP,2,38,0,3,10,10,1
RP,2,38,10,1,10,10,1
RP,2,38,10,2,10,10,1
RP,2,38,20,1,8,10,0.8
RP,2,38,20,2,6,8,0.75
RP,2,38,20,3,6,10,0.6
RP,2,38,25,1,6,9,0.67
RP,2,38,25,2,7,11,0.64
RP,2,38,25,3,5,10,0.5
RP,2,38,30,1,4,13,0.31
RP,2,38,30,2,2,10,0.2
RP,2,38,30,3,2,10,0.2
RP,2,38,35,1,1,10,0.1
RP,2,38,35,2,2,12,0.17
RP,2,38,35,3,2,11,0.18
RP,2,38,40,1,0,10,0
RP,2,38,40,2,0,10,0
RP,2,38,40,3,0,10,0
RP,2,37,0,1,10,10,1
RP,2,37,0,2,10,10,1
RP,2,37,0,3,10,10,1
RP,2,37,40,1,8,10,0.8
RP,2,37,40,2,10,10,1
RP,2,37,40,3,4,5,0.8
RP,2,37,45,1,4,9,0.44
RP,2,37,45,2,5,12,0.42
RP,2,37,45,3,5,11,0.45
RP,2,37,55,1,3,8,0.38
RP,2,37,55,2,1,10,0.1
RP,2,37,55,3,0,10,0
RP,2,37,60,1,0,10,0
RP,2,37,60,2,0,11,0
RP,2,37,60,3,0,10,0
RP,2,37,70,1,0,9,0
RP,2,37,70,2,0,10,0
RP,2,37,70,3,0,10,0
RP,2,36,0,1,10,10,1
RP,2,36,0,2,10,10,1
RP,2,36,0,3,10,10,1
RP,2,36,60,1,8,9,0.89
RP,2,36,60,2,9,10,0.9
RP,2,36,80,1,8,10,0.8
RP,2,36,80,2,8,10,0.8
RP,2,36,80,3,8,9,0.89
RP,2,36,100,1,7,10,0.7
RP,2,36,100,2,6,10,0.6
RP,2,36,120,1,5,10,0.5
RP,2,36,120,2,4,9,0.44
RP,2,36,120,3,0,8,0
RP,2,36,140,1,2,10,0.2
RP,2,36,140,2,1,9,0.11
RP,2,36,140,3,0,9,0
RP,2,36,160,1,0,10,0
RP,2,36,160,2,1,10,0.1
RP,2,36,160,3,0,10,0
RP,2,36,180,1,0,10,0
RP,2,36,180,2,0,12,0
RP,2,36,180,3,0,11,0
RP,2,35,0,1,10,10,1
RP,2,35,0,2,10,10,1
RP,2,35,0,3,10,10,1
RP,2,35,60,1,11,11,1
RP,2,35,60,2,10,10,1
RP,2,35,120,1,10,12,0.83
RP,2,35,120,2,8,10,0.8
RP,2,35,120,3,8,16,0.5
RP,2,35,150,1,4,12,0.33
RP,2,35,150,2,4,10,0.4
RP,2,35,150,3,3,9,0.33
RP,2,35,180,1,3,9,0.33
RP,2,35,180,2,5,11,0.45
RP,2,35,180,3,3,10,0.3
RP,2,35,240,1,3,11,0.27
RP,2,35,240,2,2,9,0.22
RP,2,35,240,3,0,10,0
RP,2,35,260,1,0,10,0
RP,2,35,260,2,0,14,0
RP,2,35,260,3,0,10,0
RP,2,35,300,1,0,10,0
RP,2,35,300,2,0,10,0
RP,2,35,360,1,0,7,0
RP,2,35,360,2,0,15,0
RP,2,35,360,3,0,10,0
RP,2,35,420,1,1,5,0.2
RP,2,35,587,1,0,10,0
RP,2,35,587,2,0,10,0
RP,2,34,0,1,10,10,1
RP,2,34,0,2,10,10,1
RP,2,34,0,3,10,10,1
RP,2,34,240,1,7,8,0.88
RP,2,34,240,2,5,10,0.5
RP,2,34,240,3,9,10,0.9
RP,2,34,360,1,5,8,0.63
RP,2,34,360,2,4,7,0.57
RP,2,34,360,3,8,10,0.8
RP,2,34,480,1,6,10,0.6
RP,2,34,480,2,6,10,0.6
RP,2,34,480,3,12,17,0.71
RP,2,34,540,1,5,11,0.45
RP,2,34,540,2,6,11,0.55
RP,2,34,540,3,5,10,0.5
RP,2,34,600,1,3,9,0.33
RP,2,34,600,2,3,10,0.3
RP,2,34,720,1,3,10,0.3
RP,2,34,720,2,3,10,0.3
RP,2,34,840,1,2,10,0.2
RP,2,34,840,2,2,10,0.2
RP,2,34,840,3,3,12,0.25
RP,2,34,840,4,2,10,0.2
RP,2,34,960,1,2,12,0.17
RP,2,34,960,2,1,9,0.11
RP,2,34,960,3,2,11,0.18
RP,2,34,1080,1,0,10,0
RP,2,34,1080,2,0,13,0
RP,2,34,1080,3,2,10,0.2
RP,6,40,0,1,10,10,1
RP,6,40,0,2,10,10,1
RP,6,40,0,3,10,10,1
RP,6,40,5,1,9,10,0.9
RP,6,40,5,2,10,10,1
RP,6,40,7,1,8,10,0.8
RP,6,40,7,2,9,10,0.9
RP,6,40,10,1,9,11,0.82
RP,6,40,10,2,10,11,0.91
RP,6,40,13,1,13,14,0.93
RP,6,40,13,2,8,10,0.8
RP,6,40,13,3,6,10,0.6
RP,6,40,15,1,5,10,0.5
RP,6,40,15,2,6,11,0.55
RP,6,40,15,3,5,10,0.5
RP,6,40,18,1,2,10,0.2
RP,6,40,18,2,2,10,0.2
RP,6,40,18,3,0,7,0
RP,6,40,20,1,0,8,0
RP,6,40,20,2,0,10,0
RP,6,40,20,3,0,10,0
RP,6,39,0,1,10,10,1
RP,6,39,0,2,10,10,1
RP,6,39,0,3,10,10,1
RP,6,39,15,1,8,9,0.89
RP,6,39,15,2,9,10,0.9
RP,6,39,15,3,5,10,0.5
RP,6,39,20,1,10,12,0.83
RP,6,39,20,2,6,12,0.5
RP,6,39,20,3,4,10,0.4
RP,6,39,20,4,5,12,0.42
RP,6,39,25,1,2,10,0.2
RP,6,39,25,2,4,16,0.25
RP,6,39,25,3,1,11,0.09
RP,6,39,30,1,0,10,0
RP,6,39,30,2,0,10,0
RP,6,39,30,3,0,10,0
RP,6,38,0,1,10,10,1
RP,6,38,0,2,10,10,1
RP,6,38,0,3,10,10,1
RP,6,38,20,1,8,9,0.89
RP,6,38,20,2,10,10,1
RP,6,38,20,3,8,10,0.8
RP,6,38,30,1,6,10,0.6
RP,6,38,30,2,6,10,0.6
RP,6,38,30,3,3,10,0.3
RP,6,38,30,4,4,10,0.4
RP,6,38,35,1,0,7,0
RP,6,38,35,2,1,9,0.11
RP,6,38,35,3,2,12,0.17
RP,6,38,40,1,3,11,0.27
RP,6,38,40,2,2,8,0.25
RP,6,38,40,3,0,9,0
RP,6,38,40,4,0,10,0
RP,6,38,50,1,0,10,0
RP,6,38,50,2,0,10,0
RP,6,38,50,3,0,11,0
RP,6,37,0,1,10,10,1
RP,6,37,0,2,10,10,1
RP,6,37,0,3,10,10,1
RP,6,37,40,1,10,10,1
RP,6,37,40,2,10,10,1
RP,6,37,40,3,9,10,0.9
RP,6,37,50,1,8,11,0.73
RP,6,37,50,2,8,10,0.8
RP,6,37,50,3,5,10,0.5
RP,6,37,60,1,6,9,0.67
RP,6,37,60,2,5,10,0.5
RP,6,37,60,3,8,11,0.73
RP,6,37,60,4,5,10,0.5
RP,6,37,75,1,3,9,0.33
RP,6,37,75,2,1,9,0.11
RP,6,37,75,3,6,10,0.6
RP,6,37,75,4,3,10,0.3
RP,6,37,80,1,1,9,0.11
RP,6,37,80,2,2,10,0.2
RP,6,37,80,3,3,10,0.3
RP,6,37,90,1,0,10,0
RP,6,37,90,2,0,10,0
RP,6,37,90,3,0,11,0
RP,6,36,0,1,10,10,1
RP,6,36,0,2,10,10,1
RP,6,36,0,3,10,10,1
RP,6,36,50,1,8,8,1
RP,6,36,50,2,7,9,0.78
RP,6,36,60,1,10,10,1
RP,6,36,60,2,10,10,1
RP,6,36,70,1,9,10,0.9
RP,6,36,70,2,7,10,0.7
RP,6,36,80,1,8,10,0.8
RP,6,36,80,2,7,10,0.7
RP,6,36,90,1,8,10,0.8
RP,6,36,90,2,6,11,0.55
RP,6,36,90,3,7,10,0.7
RP,6,36,90,4,5,10,0.5
RP,6,36,90,5,10,13,0.77
RP,6,36,100,1,5,11,0.45
RP,6,36,100,2,5,10,0.5
RP,6,36,100,3,5,11,0.45
RP,6,36,110,1,5,11,0.45
RP,6,36,110,2,4,11,0.36
RP,6,36,110,3,4,10,0.4
RP,6,36,110,4,6,14,0.43
RP,6,36,120,1,3,10,0.3
RP,6,36,120,2,1,9,0.11
RP,6,36,120,3,2,10,0.2
RP,6,36,140,1,2,9,0.22
RP,6,36,160,1,1,8,0.13
RP,6,36,160,2,0,10,0
RP,6,36,160,3,0,10,0
RP,6,36,180,1,2,10,0.2
RP,6,36,180,2,0,10,0
RP,6,36,180,3,0,10,0
RP,6,36,180,4,0,10,0
RP,6,35,0,1,10,10,1
RP,6,35,0,2,10,10,1
RP,6,35,0,3,10,10,1
RP,6,35,120,1,9,11,0.82
RP,6,35,120,2,9,10,0.9
RP,6,35,200,1,6,9,0.67
RP,6,35,200,2,7,10,0.7
RP,6,35,240,1,5,9,0.56
RP,6,35,240,2,12,13,0.92
RP,6,35,240,3,6,10,0.6
RP,6,35,240,4,7,13,0.54
RP,6,35,300,1,3,11,0.27
RP,6,35,300,2,4,11,0.36
RP,6,35,340,1,2,9,0.22
RP,6,35,340,2,3,8,0.38
RP,6,35,340,3,3,10,0.3
RP,6,35,360,3,0,10,0
RP,6,35,380,1,4,11,0.36
RP,6,35,380,2,5,12,0.42
RP,6,35,420,1,2,10,0.2
RP,6,35,420,2,0,10,0
RP,6,35,420,3,1,10,0.1
RP,6,35,430,1,0,11,0
RP,6,35,430,2,0,8,0
RP,6,35,430,3,0,11,0
RP,6,34,0,1,10,10,1
RP,6,34,0,2,10,10,1
RP,6,34,0,3,10,10,1
RP,6,34,290,1,10,11,0.91
RP,6,34,290,2,8,10,0.8
RP,6,34,505,1,10,12,0.83
RP,6,34,505,2,7,10,0.7
RP,6,34,505,3,9,12,0.75
RP,6,34,615,1,7,10,0.7
RP,6,34,615,2,3,8,0.38
RP,6,34,615,3,5,10,0.5
RP,6,34,615,4,6,12,0.5
RP,6,34,900,1,3,10,0.3
RP,6,34,900,2,2,10,0.2
RP,6,34,900,3,3,11,0.27
RP,6,34,1350,1,1,9,0.11
RP,6,34,1350,2,0,11,0
RP,6,34,1350,3,0,12,0
RP,6,34,1350,4,0,11,0
RP,6,34,1640,1,0,10,0
RP,6,34,1640,2,1,13,0.08
RP,6,34,1820,1,1,10,0.1
RP,6,34,1820,2,0,10,0
RP,6,34,2000,1,0,10,0
RP,6,34,2000,2,0,10,0
RP,6,34,2000,3,0,10,0
RP,12,40,0,1,10,10,1
RP,12,40,0,2,10,10,1
RP,12,40,0,3,10,10,1
RP,12,40,5,1,9,9,1
RP,12,40,5,2,10,10,1
RP,12,40,5,3,7,10,0.7
RP,12,40,8,1,8,10,0.8
RP,12,40,8,2,9,11,0.82
RP,12,40,8,3,8,10,0.8
RP,12,40,10,1,5,10,0.5
RP,12,40,10,2,8,9,0.89
RP,12,40,10,3,4,10,0.4
RP,12,40,10,4,5,7,0.71
RP,12,40,15,1,1,8,0.13
RP,12,40,15,2,2,10,0.2
RP,12,40,15,3,0,10,0
RP,12,40,18,1,2,10,0.2
RP,12,40,18,2,1,12,0.08
RP,12,40,20,1,0,10,0
RP,12,40,20,2,0,10,0
RP,12,40,20,3,0,10,0
RP,12,39,0,1,10,10,1
RP,12,39,0,2,10,10,1
RP,12,39,0,3,10,10,1
RP,12,39,5,1,9,10,0.9
RP,12,39,5,2,8,10,0.8
RP,12,39,5,3,8,10,0.8
RP,12,39,8,1,8,10,0.8
RP,12,39,8,2,7,11,0.64
RP,12,39,8,3,7,10,0.7
RP,12,39,10,1,3,10,0.3
RP,12,39,10,2,3,10,0.3
RP,12,39,10,3,3,9,0.33
RP,12,39,15,1,5,10,0.5
RP,12,39,15,2,1,9,0.11
RP,12,39,15,3,2,9,0.22
RP,12,39,20,1,6,8,0.75
RP,12,39,20,2,0,6,0
RP,12,39,20,3,2,10,0.2
RP,12,39,20,4,3,10,0.3
RP,12,39,25,1,0,9,0
RP,12,39,25,2,0,10,0
RP,12,39,25,3,1,9,0.11
RP,12,39,25,4,3,10,0.3
RP,12,39,30,1,1,10,0.1
RP,12,39,30,2,1,9,0.11
RP,12,39,30,3,1,11,0.09
RP,12,39,40,1,0,8,0
RP,12,39,40,2,1,10,0.1
RP,12,39,40,3,0,10,0
RP,12,39,50,1,0,2,0
RP,12,39,50,2,0,10,0
RP,12,39,50,3,0,10,0
RP,12,38,0,1,10,10,1
RP,12,38,0,2,10,10,1
RP,12,38,0,3,10,10,1
RP,12,38,20,1,8,10,0.8
RP,12,38,20,2,9,10,0.9
RP,12,38,25,1,10,10,1
RP,12,38,25,2,9,9,1
RP,12,38,30,1,2,10,0.2
RP,12,38,30,2,6,13,0.46
RP,12,38,30,3,7,9,0.78
RP,12,38,30,4,8,10,0.8
RP,12,38,30,5,5,10,0.5
RP,12,38,40,1,4,10,0.4
RP,12,38,40,2,8,10,0.8
RP,12,38,40,3,9,10,0.9
RP,12,38,40,4,6,10,0.6
RP,12,38,50,1,0,10,0
RP,12,38,50,2,0,10,0
RP,12,38,50,3,1,6,0.17
RP,12,38,60,1,0,10,0
RP,12,38,60,2,0,10,0
RP,12,38,60,3,0,10,0
RP,12,37,0,1,10,10,1
RP,12,37,0,2,10,10,1
RP,12,37,0,3,10,10,1
RP,12,37,30,1,7,10,0.7
RP,12,37,30,2,7,8,0.88
RP,12,37,30,3,10,10,1
RP,12,37,45,1,5,10,0.5
RP,12,37,45,2,4,10,0.4
RP,12,37,45,3,8,11,0.73
RP,12,37,60,1,6,10,0.6
RP,12,37,60,2,2,9,0.22
RP,12,37,60,3,2,6,0.33
RP,12,37,60,4,0,10,0
RP,12,37,75,1,3,10,0.3
RP,12,37,75,2,0,10,0
RP,12,37,75,3,0,10,0
RP,12,37,75,4,0,12,0
RP,12,37,75,5,0,8,0
RP,12,37,80,1,0,10,0
RP,12,37,80,2,0,10,0
RP,12,37,80,3,0,10,0
RP,12,36,0,1,10,10,1
RP,12,36,0,2,10,10,1
RP,12,36,0,3,10,10,1
RP,12,36,30,1,8,10,0.8
RP,12,36,30,2,10,10,1
RP,12,36,50,1,7,10,0.7
RP,12,36,50,2,9,10,0.9
RP,12,36,70,1,7,9,0.78
RP,12,36,70,2,6,10,0.6
RP,12,36,70,3,6,10,0.6
RP,12,36,90,1,5,10,0.5
RP,12,36,90,2,6,10,0.6
RP,12,36,90,3,3,10,0.3
RP,12,36,110,1,6,10,0.6
RP,12,36,110,2,3,10,0.3
RP,12,36,130,1,4,10,0.4
RP,12,36,130,2,3,10,0.3
RP,12,36,150,1,2,10,0.2
RP,12,36,150,2,2,10,0.2
RP,12,36,150,3,0,9,0
RP,12,36,170,1,0,8,0
RP,12,36,170,2,0,10,0
RP,12,36,170,3,0,10,0
RP,12,35,0,1,10,10,1
RP,12,35,0,2,10,10,1
RP,12,35,0,3,10,10,1
RP,12,35,50,1,10,10,1
RP,12,35,50,2,8,10,0.8
RP,12,35,50,3,8,10,0.8
RP,12,35,80,1,6,9,0.67
RP,12,35,80,2,6,9,0.67
RP,12,35,80,3,7,10,0.7
RP,12,35,110,1,6,10,0.6
RP,12,35,110,2,4,7,0.57
RP,12,35,110,3,5,10,0.5
RP,12,35,140,1,2,7,0.29
RP,12,35,140,2,6,10,0.6
RP,12,35,140,3,3,10,0.3
RP,12,35,140,4,3,11,0.27
RP,12,35,170,1,4,10,0.4
RP,12,35,170,2,4,10,0.4
RP,12,35,200,1,3,10,0.3
RP,12,35,200,2,4,10,0.4
RP,12,35,240,1,7,11,0.64
RP,12,35,240,2,7,10,0.7
RP,12,35,240,3,5,8,0.63
RP,12,35,240,4,7,9,0.78
RP,12,35,280,1,5,10,0.5
RP,12,35,280,2,5,9,0.56
RP,12,35,300,1,4,10,0.4
RP,12,35,300,2,5,10,0.5
RP,12,35,300,3,3,10,0.3
RP,12,35,360,1,1,10,0.1
RP,12,35,360,2,2,11,0.18
RP,12,35,360,3,1,11,0.09
RP,12,35,420,1,0,11,0
RP,12,35,420,2,0,10,0
RP,12,35,420,3,0,10,0
RP,12,34,0,1,10,10,1
RP,12,34,0,2,10,10,1
RP,12,34,0,3,10,10,1
RP,12,34,30,1,10,10,1
RP,12,34,60,1,10,10,1
RP,12,34,90,1,9,10,0.9
RP,12,34,90,2,9,10,0.9
RP,12,34,90,3,8,10,0.8
RP,12,34,140,1,5,8,0.63
RP,12,34,140,2,10,11,0.91
RP,12,34,140,3,7,10,0.7
RP,12,34,358,1,8,10,0.8
RP,12,34,358,2,5,10,0.5
RP,12,34,400,1,5,10,0.5
RP,12,34,400,2,5,11,0.45
RP,12,34,400,3,6,12,0.5
RP,12,34,850,1,3,9,0.33
RP,12,34,850,2,2,5,0.4
RP,12,34,850,3,4,10,0.4
RP,12,34,1000,1,2,10,0.2
RP,12,34,1000,2,2,11,0.18
RP,12,34,1000,3,2,10,0.2
RP,12,34,1136,1,1,9,0.11
RP,12,34,1136,2,0,10,0
RP,12,34,1136,3,0,10,0
RP,12,34,1205,1,0,10,0
RP,12,34,1205,2,0,10,0
RP,12,34,1205,3,1,10,0.1
RP,12,34,1390,1,0,8,0
SA,2,40,0,1,10,10,1
SA,2,40,0,2,10,10,1
SA,2,40,0,3,10,10,1
SA,2,40,4,1,9,10,0.9
SA,2,40,5,1,21,21,1
SA,2,40,6,1,16,20,0.8
SA,2,40,6,2,6,11,0.55
SA,2,40,6,3,5,11,0.45
SA,2,40,7,1,5,20,0.25
SA,2,40,8,1,8,10,0.8
SA,2,40,8,2,3,10,0.3
SA,2,40,8,3,3,9,0.33
SA,2,40,8,4,2,8,0.25
SA,2,40,9,1,0,10,0
SA,2,40,10,1,2,10,0.2
SA,2,40,10,2,2,9,0.22
SA,2,40,10,3,2,10,0.2
SA,2,40,11,1,0,20,0
SA,2,40,12,1,0,10,0
SA,2,40,12,2,0,10,0
SA,2,40,12,3,0,10,0
SA,2,39,0,1,10,10,1
SA,2,39,0,2,10,10,1
SA,2,39,0,3,10,10,1
SA,2,39,4,1,9,10,0.9
SA,2,39,5,1,20,22,0.91
SA,2,39,7,1,23,23,1
SA,2,39,8,1,17,17,1
SA,2,39,9,1,7,10,0.7
SA,2,39,9,2,9,10,0.9
SA,2,39,9,3,5,10,0.5
SA,2,39,10,1,11,22,0.5
SA,2,39,10,2,4,10,0.4
SA,2,39,10,3,4,10,0.4
SA,2,39,11,1,7,10,0.7
SA,2,39,13,1,1,10,0.1
SA,2,39,13,2,4,11,0.36
SA,2,39,13,3,3,11,0.27
SA,2,39,15,1,1,10,0.1
SA,2,39,18,1,2,10,0.2
SA,2,39,18,2,4,13,0.31
SA,2,39,18,3,2,10,0.2
SA,2,39,20,1,0,10,0
SA,2,39,20,2,0,10,0
SA,2,39,20,3,0,10,0
SA,2,38,0,1,10,10,1
SA,2,38,0,2,10,10,1
SA,2,38,0,3,10,10,1
SA,2,38,6,1,10,10,1
SA,2,38,10,1,8,9,0.89
SA,2,38,13,1,9,10,0.9
SA,2,38,16,1,7,10,0.7
SA,2,38,16,2,6,10,0.6
SA,2,38,16,3,6,10,0.6
SA,2,38,20,1,7,10,0.7
SA,2,38,20,2,5,10,0.5
SA,2,38,20,3,5,10,0.5
SA,2,38,22,1,3,10,0.3
SA,2,38,24,1,3,10,0.3
SA,2,38,24,2,3,9,0.33
SA,2,38,24,3,5,12,0.42
SA,2,38,25,1,1,10,0.1
SA,2,38,30,1,0,11,0
SA,2,38,30,2,1,9,0.11
SA,2,38,30,3,0,10,0
SA,2,37,0,1,10,10,1
SA,2,37,0,2,10,10,1
SA,2,37,0,3,10,10,1
SA,2,37,10,1,10,10,1
SA,2,37,15,1,10,10,1
SA,2,37,18,1,10,10,1
SA,2,37,22,1,10,10,1
SA,2,37,25,1,6,7,0.86
SA,2,37,25,2,6,10,0.6
SA,2,37,25,3,7,10,0.7
SA,2,37,30,1,6,10,0.6
SA,2,37,30,2,5,10,0.5
SA,2,37,30,3,6,12,0.5
SA,2,37,35,1,5,12,0.42
SA,2,37,35,2,5,11,0.45
SA,2,37,35,3,4,10,0.4
SA,2,37,40,1,1,9,0.11
SA,2,37,40,2,3,9,0.33
SA,2,37,40,3,2,7,0.29
SA,2,37,50,1,0,9,0
SA,2,37,50,2,0,10,0
SA,2,37,50,3,0,10,0
SA,2,36,0,1,10,10,1
SA,2,36,0,2,10,10,1
SA,2,36,0,3,10,10,1
SA,2,36,30,1,10,10,1
SA,2,36,35,1,10,12,0.83
SA,2,36,35,2,7,10,0.7
SA,2,36,35,3,8,10,0.8
SA,2,36,40,1,6,10,0.6
SA,2,36,50,1,5,10,0.5
SA,2,36,50,2,5,10,0.5
SA,2,36,50,3,4,9,0.44
SA,2,36,60,1,3,10,0.3
SA,2,36,60,2,3,10,0.3
SA,2,36,60,3,4,12,0.33
SA,2,36,70,1,1,10,0.1
SA,2,36,75,1,0,10,0
SA,2,36,75,2,0,10,0
SA,2,36,75,3,0,10,0
SA,2,36,80,1,0,10,0
SA,2,35,0,1,10,10,1
SA,2,35,0,2,10,10,1
SA,2,35,0,3,10,10,1
SA,2,35,60,1,9,10,0.9
SA,2,35,60,2,9,10,0.9
SA,2,35,60,3,8,10,0.8
SA,2,35,120,1,4,10,0.4
SA,2,35,120,2,5,10,0.5
SA,2,35,120,3,6,10,0.6
SA,2,35,180,1,2,9,0.22
SA,2,35,180,2,4,10,0.4
SA,2,35,180,3,4,10,0.4
SA,2,35,220,1,0,9,0
SA,2,35,220,2,2,10,0.2
SA,2,35,220,3,0,10,0
SA,2,34,0,1,10,10,1
SA,2,34,0,2,10,10,1
SA,2,34,0,3,10,10,1
SA,2,34,90,1,9,10,0.9
SA,2,34,150,1,10,14,0.71
SA,2,34,150,2,7,13,0.54
SA,2,34,150,3,7,12,0.58
SA,2,34,210,1,6,10,0.6
SA,2,34,270,1,5,10,0.5
SA,2,34,270,2,6,10,0.6
SA,2,34,270,3,4,10,0.4
SA,2,34,330,1,4,9,0.44
SA,2,34,390,1,1,7,0.14
SA,2,34,390,2,3,10,0.3
SA,2,34,390,3,3,10,0.3
SA,2,34,450,1,1,12,0.08
SA,2,34,460,1,2,12,0.17
SA,2,34,460,2,1,10,0.1
SA,2,34,460,3,0,9,0
SA,2,34,510,1,0,10,0
SA,6,40,0,1,10,10,1
SA,6,40,0,2,10,10,1
SA,6,40,0,3,10,10,1
SA,6,40,5,1,10,10,1
SA,6,40,6,1,9,10,0.9
SA,6,40,6,2,8,10,0.8
SA,6,40,6,3,8,10,0.8
SA,6,40,7,1,10,14,0.71
SA,6,40,7,2,1,10,0.1
SA,6,40,7,3,5,9,0.56
SA,6,40,8,1,4,10,0.4
SA,6,40,9,1,6,12,0.5
SA,6,40,9,2,1,9,0.11
SA,6,40,9,3,3,10,0.3
SA,6,40,10,1,0,9,0
SA,6,40,12,1,2,13,0.15
SA,6,40,12,2,0,10,0
SA,6,40,12,3,0,10,0
SA,6,40,14,1,3,15,0.2
SA,6,40,16,1,1,13,0.08
SA,6,40,18,1,0,5,0
SA,6,40,18,2,0,10,0
SA,6,40,18,3,0,10,0
SA,6,39,0,1,10,10,1
SA,6,39,0,2,10,10,1
SA,6,39,0,3,10,10,1
SA,6,39,7,1,10,10,1
SA,6,39,10,1,8,9,0.89
SA,6,39,10,2,7,10,0.7
SA,6,39,10,3,2,8,0.25
SA,6,39,12,1,5,10,0.5
SA,6,39,12,2,1,6,0.17
SA,6,39,12,3,3,9,0.33
SA,6,39,14,1,3,10,0.3
SA,6,39,16,1,1,10,0.1
SA,6,39,16,2,0,10,0
SA,6,39,16,3,0,10,0
SA,6,39,18,1,1,8,0.13
SA,6,39,20,1,0,10,0
SA,6,39,20,2,0,8,0
SA,6,39,20,3,0,8,0
SA,6,39,22,1,0,10,0
SA,6,38,0,1,10,10,1
SA,6,38,0,2,10,10,1
SA,6,38,0,3,10,10,1
SA,6,38,6,1,9,10,0.9
SA,6,38,8,1,7,8,0.88
SA,6,38,16,1,7,10,0.7
SA,6,38,16,2,8,9,0.89
SA,6,38,16,3,8,10,0.8
SA,6,38,20,1,5,10,0.5
SA,6,38,20,2,5,10,0.5
SA,6,38,20,3,6,10,0.6
SA,6,38,25,1,2,10,0.2
SA,6,38,25,2,4,11,0.36
SA,6,38,25,3,3,10,0.3
SA,6,38,30,1,0,10,0
SA,6,38,30,2,1,10,0.1
SA,6,38,30,3,0,10,0
SA,6,38,35,1,0,9,0
SA,6,38,35,2,0,8,0
SA,6,38,35,3,0,10,0
SA,6,37,0,1,10,10,1
SA,6,37,0,2,10,10,1
SA,6,37,0,3,10,10,1
SA,6,37,30,1,10,10,1
SA,6,37,35,1,10,10,1
SA,6,37,35,2,9,10,0.9
SA,6,37,35,3,9,10,0.9
SA,6,37,40,1,8,10,0.8
SA,6,37,40,2,6,10,0.6
SA,6,37,40,3,7,10,0.7
SA,6,37,44,1,5,10,0.5
SA,6,37,44,2,4,9,0.44
SA,6,37,44,3,5,9,0.56
SA,6,37,48,1,4,10,0.4
SA,6,37,50,1,2,10,0.2
SA,6,37,50,2,2,10,0.2
SA,6,37,50,3,2,10,0.2
SA,6,37,60,1,1,12,0.08
SA,6,37,65,1,0,10,0
SA,6,37,65,2,0,10,0
SA,6,37,65,3,0,10,0
SA,6,36,0,1,10,10,1
SA,6,36,0,2,10,10,1
SA,6,36,0,3,10,10,1
SA,6,36,40,1,6,10,0.6
SA,6,36,40,2,5,9,0.56
SA,6,36,40,3,6,10,0.6
SA,6,36,60,1,10,10,1
SA,6,36,60,2,9,10,0.9
SA,6,36,60,3,8,10,0.8
SA,6,36,60,4,9,10,0.9
SA,6,36,70,1,10,10,1
SA,6,36,70,2,3,11,0.27
SA,6,36,70,3,4,11,0.36
SA,6,36,70,4,2,10,0.2
SA,6,36,70,5,8,10,0.8
SA,6,36,70,6,8,10,0.8
SA,6,36,70,7,7,10,0.7
SA,6,36,75,1,4,9,0.44
SA,6,36,75,2,5,10,0.5
SA,6,36,75,3,5,9,0.56
SA,6,36,80,1,6,10,0.6
SA,6,36,85,1,5,10,0.5
SA,6,36,85,2,3,9,0.33
SA,6,36,85,3,5,10,0.5
SA,6,36,90,1,2,9,0.22
SA,6,36,90,2,3,11,0.27
SA,6,36,90,3,2,10,0.2
SA,6,36,100,1,0,10,0
SA,6,36,100,2,0,10,0
SA,6,36,100,3,0,10,0
SA,6,35,0,1,10,10,1
SA,6,35,0,2,10,10,1
SA,6,35,0,3,10,10,1
SA,6,35,90,1,9,10,0.9
SA,6,35,105,1,7,10,0.7
SA,6,35,105,2,7,9,0.78
SA,6,35,105,3,9,10,0.9
SA,6,35,120,1,6,10,0.6
SA,6,35,135,1,5,9,0.56
SA,6,35,150,1,7,12,0.58
SA,6,35,150,2,6,10,0.6
SA,6,35,150,3,5,10,0.5
SA,6,35,180,1,5,10,0.5
SA,6,35,220,1,4,9,0.44
SA,6,35,260,1,2,8,0.25
SA,6,35,260,2,2,10,0.2
SA,6,35,260,3,2,10,0.2
SA,6,35,386,1,0,10,0
SA,6,35,386,2,2,10,0.2
SA,6,35,386,3,0,10,0
SA,6,35,386,4,1,10,0.1
SA,6,35,386,5,0,10,0
SA,6,35,386,6,0,10,0
SA,6,35,400,1,0,9,0
SA,6,35,400,2,0,10,0
SA,6,35,400,3,0,10,0
SA,6,35,420,1,0,10,0
SA,6,34,0,1,10,10,1
SA,6,34,0,2,10,10,1
SA,6,34,0,3,10,10,1
SA,6,34,300,1,10,10,1
SA,6,34,300,2,8,10,0.8
SA,6,34,300,3,9,10,0.9
SA,6,34,300,4,8,10,0.8
SA,6,34,350,1,5,11,0.45
SA,6,34,350,2,6,12,0.5
SA,6,34,350,3,5,9,0.56
SA,6,34,452,1,1,9,0.11
SA,6,34,452,2,0,12,0
SA,6,34,452,3,2,11,0.18
SA,6,34,452,4,0,11,0
SA,6,34,452,5,3,9,0.33
SA,6,34,452,6,1,15,0.07
SA,6,34,580,1,4,10,0.4
SA,6,34,580,2,1,12,0.08
SA,6,34,580,3,1,8,0.13
SA,6,34,600,1,2,10,0.2
SA,6,34,600,2,2,11,0.18
SA,6,34,600,3,2,10,0.2
SA,6,34,660,1,1,7,0.14
SA,6,34,660,2,1,8,0.13
SA,6,34,660,3,1,10,0.1
SA,12,40,0,1,10,10,1
SA,12,40,0,2,10,10,1
SA,12,40,0,3,10,10,1
SA,12,40,3,1,9,10,0.9
SA,12,40,3,2,10,10,1
SA,12,40,5,1,9,10,0.9
SA,12,40,5,2,9,10,0.9
SA,12,40,7,1,8,10,0.8
SA,12,40,7,2,8,10,0.8
SA,12,40,7,3,5,10,0.5
SA,12,40,8,1,4,9,0.44
SA,12,40,8,2,5,10,0.5
SA,12,40,8,3,3,10,0.3
SA,12,40,9,1,3,10,0.3
SA,12,40,9,2,4,10,0.4
SA,12,40,10,1,0,9,0
SA,12,40,10,2,0,11,0
SA,12,40,10,3,1,10,0.1
SA,12,40,11,1,0,10,0
SA,12,40,11,2,0,10,0
SA,12,40,11,3,0,10,0
SA,12,39,0,1,10,10,1
SA,12,39,0,2,10,10,1
SA,12,39,0,3,10,10,1
SA,12,39,4,1,10,10,1
SA,12,39,4,2,9,9,1
SA,12,39,5,1,8,9,0.89
SA,12,39,5,2,7,9,0.78
SA,12,39,6,1,6,9,0.67
SA,12,39,6,2,7,10,0.7
SA,12,39,7,1,6,10,0.6
SA,12,39,7,2,7,10,0.7
SA,12,39,7,3,7,10,0.7
SA,12,39,7,4,7,10,0.7
SA,12,39,9,1,3,10,0.3
SA,12,39,9,2,5,10,0.5
SA,12,39,9,3,2,9,0.22
SA,12,39,11,1,1,10,0.1
SA,12,39,11,2,2,10,0.2
SA,12,39,15,1,1,8,0.13
SA,12,39,15,2,2,9,0.22
SA,12,39,15,3,2,10,0.2
SA,12,39,15,4,2,10,0.2
SA,12,39,17,1,2,10,0.2
SA,12,39,17,2,1,10,0.1
SA,12,39,20,1,0,10,0
SA,12,39,20,2,0,9,0
SA,12,39,20,3,0,10,0
SA,12,38,0,1,10,10,1
SA,12,38,0,2,10,10,1
SA,12,38,0,3,10,10,1
SA,12,38,8,1,10,10,1
SA,12,38,8,2,10,10,1
SA,12,38,12,1,9,10,0.9
SA,12,38,12,2,9,10,0.9
SA,12,38,16,1,7,10,0.7
SA,12,38,16,2,8,10,0.8
SA,12,38,20,1,5,10,0.5
SA,12,38,20,2,7,10,0.7
SA,12,38,20,3,5,10,0.5
SA,12,38,25,1,4,10,0.4
SA,12,38,25,2,4,10,0.4
SA,12,38,25,3,3,10,0.3
SA,12,38,30,1,1,10,0.1
SA,12,38,30,2,2,10,0.2
SA,12,38,30,3,0,10,0
SA,12,38,35,1,2,10,0.2
SA,12,38,35,2,0,10,0
SA,12,38,35,3,0,10,0
SA,12,38,35,4,1,11,0.09
SA,12,38,40,1,0,10,0
SA,12,38,40,2,0,10,0
SA,12,37,0,1,10,10,1
SA,12,37,0,2,10,10,1
SA,12,37,0,3,10,10,1
SA,12,37,20,1,8,10,0.8
SA,12,37,20,2,7,10,0.7
SA,12,37,20,3,8,10,0.8
SA,12,37,20,4,7,10,0.7
SA,12,37,25,1,8,10,0.8
SA,12,37,25,2,8,10,0.8
SA,12,37,25,3,6,10,0.6
SA,12,37,25,4,8,11,0.73
SA,12,37,30,1,7,10,0.7
SA,12,37,30,2,7,10,0.7
SA,12,37,30,3,5,10,0.5
SA,12,37,30,4,6,10,0.6
SA,12,37,35,1,5,10,0.5
SA,12,37,35,2,6,10,0.6
SA,12,37,35,3,4,10,0.4
SA,12,37,35,4,4,10,0.4
SA,12,37,40,1,3,10,0.3
SA,12,37,40,2,3,10,0.3
SA,12,37,40,3,4,10,0.4
SA,12,37,40,4,3,10,0.3
SA,12,37,45,1,3,10,0.3
SA,12,37,45,2,2,10,0.2
SA,12,37,45,3,2,10,0.2
SA,12,37,45,4,1,11,0.09
SA,12,37,50,1,2,10,0.2
SA,12,37,50,2,0,10,0
SA,12,36,0,1,10,10,1
SA,12,36,0,2,10,10,1
SA,12,36,0,3,10,10,1
SA,12,36,30,1,10,10,1
SA,12,36,30,2,10,10,1
SA,12,36,50,1,10,10,1
SA,12,36,70,1,7,10,0.7
SA,12,36,80,1,3,4,0.75
SA,12,36,80,2,7,10,0.7
SA,12,36,80,3,7,10,0.7
SA,12,36,100,1,6,10,0.6
SA,12,36,100,2,5,10,0.5
SA,12,36,100,3,5,10,0.5
SA,12,36,120,1,3,10,0.3
SA,12,36,120,2,4,13,0.31
SA,12,36,120,3,3,10,0.3
SA,12,36,140,1,1,10,0.1
SA,12,36,160,1,0,10,0
SA,12,36,160,2,0,10,0
SA,12,36,160,3,0,7,0
SA,12,35,0,1,10,10,1
SA,12,35,0,2,10,10,1
SA,12,35,0,3,10,10,1
SA,12,35,60,1,10,10,1
SA,12,35,60,2,10,10,1
SA,12,35,120,1,8,10,0.8
SA,12,35,120,2,8,10,0.8
SA,12,35,120,3,8,10,0.8
SA,12,35,180,1,4,10,0.4
SA,12,35,180,2,6,13,0.46
SA,12,35,180,3,5,10,0.5
SA,12,35,240,1,3,10,0.3
SA,12,35,240,2,3,10,0.3
SA,12,35,240,3,3,10,0.3
SA,12,35,300,1,2,10,0.2
SA,12,35,300,2,2,10,0.2
SA,12,35,300,3,2,10,0.2
SA,12,35,360,1,0,10,0
SA,12,35,360,2,0,10,0
SA,12,35,360,3,0,10,0
SA,12,34,0,1,10,10,1
SA,12,34,0,2,10,10,1
SA,12,34,0,3,10,10,1
SA,12,34,360,1,5,9,0.56
SA,12,34,360,2,8,10,0.8
SA,12,34,360,3,8,10,0.8
SA,12,34,360,4,8,10,0.8
SA,12,34,480,1,6,10,0.6
SA,12,34,480,2,5,10,0.5
SA,12,34,480,3,5,10,0.5
SA,12,34,480,4,5,10,0.5
SA,12,34,600,1,3,10,0.3
SA,12,34,600,2,4,10,0.4
SA,12,34,600,3,3,10,0.3
SA,12,34,720,1,1,10,0.1
SA,12,34,720,2,2,11,0.18
SA,12,34,720,3,1,10,0.1
SA,12,34,720,4,2,10,0.2
SA,12,34,840,1,0,10,0
SA,12,34,840,2,0,11,0
MD,2,-10,0,1,10,10,1
MD,2,-10,0,2,10,10,1
MD,2,-10,0,3,10,10,1
MD,2,-10,2,1,8,10,0.8
MD,2,-10,2,2,6,10,0.6
MD,2,-10,2,3,8,10,0.8
MD,2,-10,4,1,2,11,0.18
MD,2,-10,4,2,3,8,0.38
MD,2,-10,4,3,3,10,0.3
MD,2,-10,6,1,1,7,0.14
MD,2,-10,6,2,2,10,0.2
MD,2,-10,6,3,2,6,0.33
MD,2,-10,8,1,0,10,0
MD,2,-10,8,2,0,10,0
MD,2,-10,8,3,0,9,0
MD,2,-10,10,1,1,10,0.1
MD,2,-10,10,2,0,10,0
MD,2,-10,12,1,2,11,0.18
MD,2,-10,12,2,0,10,0
MD,2,-9,0,1,10,10,1
MD,2,-9,0,2,10,10,1
MD,2,-9,0,3,10,10,1
MD,2,-9,5,1,8,12,0.67
MD,2,-9,5,2,7,10,0.7
MD,2,-9,5,3,6,10,0.6
MD,2,-9,10,1,5,10,0.5
MD,2,-9,10,2,3,10,0.3
MD,2,-9,10,3,3,10,0.3
MD,2,-9,20,1,3,10,0.3
MD,2,-9,20,2,2,10,0.2
MD,2,-9,40,1,5,8,0.63
MD,2,-9,40,2,4,8,0.5
MD,2,-9,40,3,9,12,0.75
MD,2,-9,60,1,3,8,0.38
MD,2,-9,60,2,4,10,0.4
MD,2,-9,60,3,4,10,0.4
MD,2,-9,90,1,3,11,0.27
MD,2,-9,90,2,2,11,0.18
MD,2,-9,90,3,2,10,0.2
MD,2,-9,120,1,0,8,0
MD,2,-9,120,2,0,8,0
MD,2,-9,180,1,1,10,0.1
MD,2,-9,180,2,0,10,0
MD,2,-9,180,3,0,10,0
MD,2,-9,240,1,0,10,0
MD,2,-9,240,2,1,10,0.1
MD,2,-9,300,1,0,10,0
MD,2,-9,300,2,0,10,0
MD,2,-9,300,3,0,10,0
MD,2,-8,0,1,10,10,1
MD,2,-8,0,2,10,10,1
MD,2,-8,0,3,10,10,1
MD,2,-8,180,1,7,9,0.78
MD,2,-8,180,2,5,8,0.63
MD,2,-8,180,3,9,10,0.9
MD,2,-8,240,1,8,13,0.62
MD,2,-8,240,2,4,11,0.36
MD,2,-8,300,1,4,10,0.4
MD,2,-8,300,2,4,9,0.44
MD,2,-8,300,3,3,10,0.3
MD,2,-8,360,1,4,9,0.44
MD,2,-8,360,2,5,10,0.5
MD,2,-8,360,3,5,8,0.63
MD,2,-8,360,4,2,6,0.33
MD,2,-8,420,1,4,9,0.44
MD,2,-8,420,2,9,14,0.64
MD,2,-8,420,3,6,10,0.6
MD,2,-8,420,4,6,10,0.6
MD,2,-8,480,1,1,8,0.13
MD,2,-8,480,2,3,8,0.38
MD,2,-8,600,1,2,10,0.2
MD,2,-8,600,2,2,12,0.17
MD,2,-8,600,3,1,9,0.11
MD,2,-8,720,1,0,9,0
MD,2,-8,720,2,0,10,0
MD,2,-7,0,1,10,10,1
MD,2,-7,0,2,10,10,1
MD,2,-7,0,3,10,10,1
MD,2,-7,200,1,8,8,1
MD,2,-7,200,2,10,10,1
MD,2,-7,200,3,10,10,1
MD,2,-7,300,1,8,10,0.8
MD,2,-7,300,2,7,10,0.7
MD,2,-7,300,3,8,10,0.8
MD,2,-7,500,1,4,7,0.57
MD,2,-7,500,2,4,8,0.5
MD,2,-7,500,3,5,10,0.5
MD,2,-7,720,1,3,10,0.3
MD,2,-7,720,2,3,10,0.3
MD,2,-7,840,1,3,7,0.43
MD,2,-7,840,2,4,11,0.36
MD,2,-7,1020,1,1,8,0.13
MD,2,-7,1020,2,1,8,0.13
MD,2,-7,1140,1,1,5,0.2
MD,2,-7,1140,2,3,9,0.33
MD,2,-7,1140,3,2,10,0.2
MD,2,-7,1800,1,1,10,0.1
MD,2,-7,1800,2,2,10,0.2
MD,2,-7,1800,3,2,10,0.2
MD,2,-7,2200,1,1,11,0.09
MD,2,-7,2200,2,2,15,0.13
MD,2,-7,2200,3,0,12,0
MD,2,-6,0,1,10,10,1
MD,2,-6,0,2,10,10,1
MD,2,-6,0,3,10,10,1
MD,2,-6,420,1,10,10,1
MD,2,-6,420,2,10,10,1
MD,2,-6,420,3,10,10,1
MD,2,-6,780,1,10,10,1
MD,2,-6,780,2,10,10,1
MD,2,-6,780,3,9,10,0.9
MD,2,-6,1440,1,7,11,0.64
MD,2,-6,1440,2,5,8,0.63
MD,2,-6,1440,3,6,10,0.6
MD,2,-6,2880,1,7,11,0.64
MD,2,-6,2880,2,7,10,0.7
MD,2,-6,2880,3,3,10,0.3
MD,2,-6,4800,1,3,10,0.3
MD,2,-6,4800,2,4,11,0.36
MD,2,-6,4800,3,3,11,0.27
MD,2,-6,5400,1,5,10,0.5
MD,2,-6,5400,2,2,10,0.2
MD,2,-6,5400,3,4,10,0.4
MD,2,-6,6720,1,0,10,0
MD,2,-6,6720,2,1,10,0.1
MD,2,-6,6720,3,0,11,0
MD,2,-6,7140,1,1,10,0.1
MD,2,-6,7140,2,0,11,0
MD,2,-6,7140,3,0,10,0
MD,2,-5,0,1,10,10,1
MD,2,-5,0,2,10,10,1
MD,2,-5,0,3,10,10,1
MD,2,-5,390,1,7,9,0.78
MD,2,-5,880,1,7,8,0.88
MD,2,-5,1020,1,6,9,0.67
MD,2,-5,1200,1,6,10,0.6
MD,2,-5,1440,1,3,4,0.75
MD,2,-5,1440,2,7,8,0.88
MD,2,-5,1440,3,13,15,0.87
MD,2,-5,1440,4,10,12,0.83
MD,2,-5,2880,1,6,11,0.55
MD,2,-5,2880,2,7,10,0.7
MD,2,-5,4320,1,9,12,0.75
MD,2,-5,4320,2,8,15,0.53
MD,2,-5,5760,1,4,11,0.36
MD,2,-5,5760,2,3,9,0.33
MD,2,-5,7620,1,2,10,0.2
MD,2,-5,7620,2,2,10,0.2
MD,2,-5,9000,1,1,12,0.08
MD,2,-5,9000,2,1,10,0.1
MD,6,-11,0,1,10,10,1
MD,6,-11,0,2,10,10,1
MD,6,-11,0,3,10,10,1
MD,6,-11,2,1,5,8,0.63
MD,6,-11,2,2,5,7,0.71
MD,6,-11,2,3,6,10,0.6
MD,6,-11,4,1,0,10,0
MD,6,-11,4,2,8,10,0.8
MD,6,-11,4,3,6,9,0.67
MD,6,-11,4,4,6,10,0.6
MD,6,-11,6,1,0,10,0
MD,6,-11,6,2,0,8,0
MD,6,-11,6,3,1,8,0.13
MD,6,-11,10,1,0,7,0
MD,6,-11,10,2,0,10,0
MD,6,-10,0,1,10,10,1
MD,6,-10,0,2,10,10,1
MD,6,-10,0,3,10,10,1
MD,6,-10,3,1,1,7,0.14
MD,6,-10,3,2,10,13,0.77
MD,6,-10,3,3,6,9,0.67
MD,6,-10,5,1,0,10,0
MD,6,-10,5,2,0,8,0
MD,6,-10,5,3,4,9,0.44
MD,6,-10,8,1,0,7,0
MD,6,-10,8,2,0,6,0
MD,6,-10,8,3,5,10,0.5
MD,6,-10,10,1,0,7,0
MD,6,-10,10,2,0,10,0
MD,6,-10,10,3,2,10,0.2
MD,6,-10,15,1,0,8,0
MD,6,-10,18,1,1,8,0.13
MD,6,-10,18,2,1,7,0.14
MD,6,-10,20,1,6,10,0.6
MD,6,-10,20,2,5,10,0.5
MD,6,-10,20,3,5,10,0.5
MD,6,-10,30,1,2,8,0.25
MD,6,-10,30,2,0,8,0
MD,6,-10,30,3,1,10,0.1
MD,6,-10,37,1,0,9,0
MD,6,-10,37,2,0,10,0
MD,6,-10,37,3,0,11,0
MD,6,-9,0,1,10,10,1
MD,6,-9,0,2,10,10,1
MD,6,-9,0,3,10,10,1
MD,6,-9,120,1,3,8,0.38
MD,6,-9,120,2,3,8,0.38
MD,6,-9,180,1,2,8,0.25
MD,6,-9,180,2,3,8,0.38
MD,6,-9,240,1,3,9,0.33
MD,6,-9,240,2,2,10,0.2
MD,6,-9,300,1,4,10,0.4
MD,6,-9,300,2,4,9,0.44
MD,6,-9,300,3,2,8,0.25
MD,6,-9,360,1,0,8,0
MD,6,-9,360,2,0,9,0
MD,6,-9,420,1,0,8,0
MD,6,-9,420,2,1,8,0.13
MD,6,-9,420,3,0,10,0
MD,6,-9,420,4,0,10,0
MD,6,-9,480,1,1,10,0.1
MD,6,-9,480,2,0,8,0
MD,6,-9,540,1,0,8,0
MD,6,-9,540,2,0,10,0
MD,6,-9,540,3,0,7,0
MD,6,-9,600,1,0,9,0
MD,6,-9,600,2,0,9,0
MD,6,-8,0,1,10,10,1
MD,6,-8,0,2,10,10,1
MD,6,-8,0,3,10,10,1
MD,6,-8,40,1,5,8,0.63
MD,6,-8,40,2,5,9,0.56
MD,6,-8,40,3,6,10,0.6
MD,6,-8,200,1,3,8,0.38
MD,6,-8,200,2,4,8,0.5
MD,6,-8,200,3,5,10,0.5
MD,6,-8,320,1,1,8,0.13
MD,6,-8,320,2,2,9,0.22
MD,6,-8,320,3,3,10,0.3
MD,6,-8,320,4,2,8,0.25
MD,6,-8,380,1,3,10,0.3
MD,6,-8,380,2,3,10,0.3
MD,6,-8,440,1,1,7,0.14
MD,6,-8,440,2,2,9,0.22
MD,6,-8,720,1,3,10,0.3
MD,6,-8,720,2,2,9,0.22
MD,6,-8,780,1,1,7,0.14
MD,6,-8,780,2,3,10,0.3
MD,6,-8,840,1,3,11,0.27
MD,6,-8,840,2,4,12,0.33
MD,6,-8,900,1,2,8,0.25
MD,6,-8,900,2,3,9,0.33
MD,6,-8,900,3,3,10,0.3
MD,6,-8,1200,1,3,10,0.3
MD,6,-8,1200,2,3,10,0.3
MD,6,-8,1200,3,2,10,0.2
MD,6,-8,1500,1,1,8,0.13
MD,6,-8,1500,2,2,10,0.2
MD,6,-8,1500,3,1,10,0.1
MD,6,-8,1800,1,1,10,0.1
MD,6,-8,1800,2,0,10,0
MD,6,-8,1800,3,1,10,0.1
MD,6,-7,0,1,10,10,1
MD,6,-7,0,2,10,10,1
MD,6,-7,0,3,10,10,1
MD,6,-7,500,1,9,9,1
MD,6,-7,500,2,6,7,0.86
MD,6,-7,500,3,6,8,0.75
MD,6,-7,890,1,2,4,0.5
MD,6,-7,890,2,6,8,0.75
MD,6,-7,890,3,7,10,0.7
MD,6,-7,1270,1,7,8,0.88
MD,6,-7,1270,2,5,9,0.56
MD,6,-7,1343,1,4,8,0.5
MD,6,-7,1343,2,3,8,0.38
MD,6,-7,1485,1,5,10,0.5
MD,6,-7,1645,1,8,11,0.73
MD,6,-7,1645,2,7,9,0.78
MD,6,-7,1700,1,8,14,0.57
MD,6,-7,1700,2,5,12,0.42
MD,6,-7,1700,3,3,6,0.5
MD,6,-7,2500,1,2,8,0.25
MD,6,-7,2500,2,3,10,0.3
MD,6,-7,2500,3,2,10,0.2
MD,6,-7,3000,1,2,9,0.22
MD,6,-7,3000,2,1,8,0.13
MD,6,-7,3000,3,1,9,0.11
MD,6,-7,3500,1,1,10,0.1
MD,6,-7,3500,2,1,10,0.1
MD,6,-7,3500,3,0,10,0
MD,6,-6,0,1,10,10,1
MD,6,-6,0,2,10,10,1
MD,6,-6,0,3,10,10,1
MD,6,-6,1357,1,7,8,0.88
MD,6,-6,1440,1,5,8,0.63
MD,6,-6,1440,2,7,12,0.58
MD,6,-6,1440,3,5,12,0.42
MD,6,-6,1440,4,3,4,0.75
MD,6,-6,2880,1,7,10,0.7
MD,6,-6,2880,2,9,10,0.9
MD,6,-6,2880,3,2,8,0.25
MD,6,-6,4800,1,5,10,0.5
MD,6,-6,4800,2,2,6,0.33
MD,6,-6,4800,3,3,10,0.3
MD,6,-6,5400,1,3,9,0.33
MD,6,-6,5400,2,4,10,0.4
MD,6,-6,5400,3,2,6,0.33
MD,6,-6,6720,1,1,8,0.13
MD,6,-6,7140,1,2,6,0.33
MD,6,-6,7140,2,1,9,0.11
MD,6,-6,8727,1,0,10,0
MD,6,-6,8727,2,0,10,0
MD,6,-6,8727,3,0,9,0
MD,6,-5,0,1,10,10,1
MD,6,-5,0,2,10,10,1
MD,6,-5,0,3,10,10,1
MD,6,-5,965,1,11,11,1
MD,6,-5,1440,1,3,5,0.6
MD,6,-5,1440,2,5,7,0.71
MD,6,-5,1440,3,2,5,0.4
MD,6,-5,1600,1,8,9,0.89
MD,6,-5,2520,1,7,7,1
MD,6,-5,3140,1,9,11,0.82
MD,6,-5,3140,2,5,7,0.71
MD,6,-5,3140,3,8,9,0.89
MD,6,-5,3695,1,8,10,0.8
MD,6,-5,4800,1,10,10,1
MD,6,-5,4800,2,8,9,0.89
MD,6,-5,4800,3,7,9,0.78
MD,6,-5,7135,1,3,6,0.5
MD,6,-5,7135,2,4,10,0.4
MD,6,-5,7135,3,5,10,0.5
MD,6,-5,7926,1,0,9,0
MD,6,-5,7926,2,0,10,0
MD,6,-5,7926,3,0,9,0
MD,6,-5,8580,1,0,10,0
MD,6,-5,8580,2,0,10,0
MD,6,-5,8580,3,2,10,0.2
MD,6,-5,9595,1,1,7,0.14
MD,6,-5,9595,2,0,10,0
MD,6,-5,9880,1,1,11,0.09
MD,6,-5,9880,2,1,9,0.11
MD,6,-5,10162,1,0,9,0
MD,6,-5,10162,2,0,10,0
MD,12,-10,0,1,10,10,1
MD,12,-10,0,2,10,10,1
MD,12,-10,0,3,10,10,1
MD,12,-10,1,1,8,10,0.8
MD,12,-10,1,2,5,10,0.5
MD,12,-10,1,3,10,10,1
MD,12,-10,2,1,9,10,0.9
MD,12,-10,2,2,6,9,0.67
MD,12,-10,2,3,2,10,0.2
MD,12,-10,3,1,3,10,0.3
MD,12,-10,3,2,2,10,0.2
MD,12,-10,3,3,3,10,0.3
MD,12,-10,5,1,2,10,0.2
MD,12,-10,5,2,3,10,0.3
MD,12,-10,5,3,1,10,0.1
MD,12,-10,8,1,0,10,0
MD,12,-10,8,2,2,10,0.2
MD,12,-10,8,3,1,9,0.11
MD,12,-10,10,1,0,10,0
MD,12,-10,10,2,1,10,0.1
MD,12,-10,10,3,1,10,0.1
MD,12,-10,12,1,0,7,0
MD,12,-10,12,2,0,10,0
MD,12,-10,12,3,0,10,0
MD,12,-9,0,1,10,10,1
MD,12,-9,0,2,10,10,1
MD,12,-9,0,3,10,10,1
MD,12,-9,5,1,3,10,0.3
MD,12,-9,5,2,8,10,0.8
MD,12,-9,5,3,7,10,0.7
MD,12,-9,10,1,3,10,0.3
MD,12,-9,10,2,2,9,0.22
MD,12,-9,10,3,3,10,0.3
MD,12,-9,15,1,4,11,0.36
MD,12,-9,15,2,4,10,0.4
MD,12,-9,20,1,8,18,0.44
MD,12,-9,20,2,4,8,0.5
MD,12,-9,20,3,3,8,0.38
MD,12,-9,20,4,6,9,0.67
MD,12,-9,25,1,4,10,0.4
MD,12,-9,25,2,3,9,0.33
MD,12,-9,30,1,4,10,0.4
MD,12,-9,30,2,3,10,0.3
MD,12,-9,60,1,4,12,0.33
MD,12,-9,60,2,4,8,0.5
MD,12,-9,120,1,4,10,0.4
MD,12,-9,120,2,4,10,0.4
MD,12,-9,120,3,4,8,0.5
MD,12,-9,120,4,2,8,0.25
MD,12,-9,200,1,3,10,0.3
MD,12,-9,200,2,1,8,0.13
MD,12,-9,240,1,0,11,0
MD,12,-9,240,2,0,9,0
MD,12,-9,240,3,0,8,0
MD,12,-8,0,1,10,10,1
MD,12,-8,0,2,10,10,1
MD,12,-8,0,3,10,10,1
MD,12,-8,175,1,10,10,1
MD,12,-8,175,2,9,9,1
MD,12,-8,180,1,7,10,0.7
MD,12,-8,180,2,7,10,0.7
MD,12,-8,310,1,5,8,0.63
MD,12,-8,310,2,7,10,0.7
MD,12,-8,380,1,6,9,0.67
MD,12,-8,380,2,6,8,0.75
MD,12,-8,395,1,8,9,0.89
MD,12,-8,395,2,8,9,0.89
MD,12,-8,395,3,6,10,0.6
MD,12,-8,420,1,3,11,0.27
MD,12,-8,420,2,7,11,0.64
MD,12,-8,450,1,4,10,0.4
MD,12,-8,450,2,5,10,0.5
MD,12,-8,450,3,3,8,0.38
MD,12,-8,590,1,3,8,0.38
MD,12,-8,590,2,1,6,0.17
MD,12,-8,754,1,6,10,0.6
MD,12,-8,754,2,5,10,0.5
MD,12,-8,754,3,4,7,0.57
MD,12,-8,754,4,3,9,0.33
MD,12,-8,754,5,5,12,0.42
MD,12,-8,830,1,6,10,0.6
MD,12,-8,830,2,7,9,0.78
MD,12,-8,1000,1,3,10,0.3
MD,12,-8,1000,2,4,10,0.4
MD,12,-8,1000,3,2,9,0.22
MD,12,-8,1200,1,3,10,0.3
MD,12,-8,1200,2,2,10,0.2
MD,12,-8,1200,3,3,10,0.3
MD,12,-8,1500,1,2,10,0.2
MD,12,-8,1500,2,2,11,0.18
MD,12,-8,1500,3,1,9,0.11
MD,12,-8,1800,1,1,10,0.1
MD,12,-8,1800,2,0,10,0
MD,12,-8,1800,3,0,10,0
MD,12,-7,0,1,10,10,1
MD,12,-7,0,2,10,10,1
MD,12,-7,0,3,10,10,1
MD,12,-7,1146,1,10,10,1
MD,12,-7,1146,2,10,10,1
MD,12,-7,1402,1,9,10,0.9
MD,12,-7,1402,2,9,10,0.9
MD,12,-7,1760,1,7,10,0.7
MD,12,-7,1760,2,8,10,0.8
MD,12,-7,1760,3,7,10,0.7
MD,12,-7,2607,1,5,10,0.5
MD,12,-7,2607,2,5,10,0.5
MD,12,-7,3042,1,6,9,0.67
MD,12,-7,3042,2,6,9,0.67
MD,12,-7,3042,3,5,10,0.5
MD,12,-7,3042,4,5,10,0.5
MD,12,-7,3922,1,7,10,0.7
MD,12,-7,3922,2,2,10,0.2
MD,12,-7,3922,3,3,7,0.43
MD,12,-7,3922,4,1,7,0.14
MD,12,-7,5000,1,1,10,0.1
MD,12,-7,5000,2,0,10,0
MD,12,-7,5000,3,0,10,0
MD,12,-6,0,1,10,10,1
MD,12,-6,0,2,10,10,1
MD,12,-6,0,3,10,10,1
MD,12,-6,318,1,9,10,0.9
MD,12,-6,318,2,9,10,0.9
MD,12,-6,438,1,7,10,0.7
MD,12,-6,438,2,8,10,0.8
MD,12,-6,498,1,6,9,0.67
MD,12,-6,498,2,9,10,0.9
MD,12,-6,603,1,7,10,0.7
MD,12,-6,603,2,7,10,0.7
MD,12,-6,698,1,6,10,0.6
MD,12,-6,698,2,7,10,0.7
MD,12,-6,698,3,5,10,0.5
MD,12,-6,6840,1,4,9,0.44
MD,12,-6,6840,2,4,11,0.36
MD,12,-6,6840,3,2,10,0.2
MD,12,-6,9720,1,2,11,0.18
MD,12,-6,9720,2,1,9,0.11
MD,12,-6,9720,3,0,8,0
MD,12,-6,11160,1,0,10,0
MD,12,-6,11160,2,1,11,0.09
MD,12,-6,11160,3,0,7,0
RP,2,-7,0,1,10,10,1
RP,2,-7,0,2,10,10,1
RP,2,-7,0,3,10,10,1
RP,2,-7,10,1,7,9,0.78
RP,2,-7,10,2,8,10,0.8
RP,2,-7,12,1,7,10,0.7
RP,2,-7,12,2,8,10,0.8
RP,2,-7,12,3,6,10,0.6
RP,2,-7,15,1,3,10,0.3
RP,2,-7,15,2,4,10,0.4
RP,2,-7,15,3,7,10,0.7
RP,2,-7,18,1,3,8,0.38
RP,2,-7,18,2,4,10,0.4
RP,2,-7,18,3,3,9,0.33
RP,2,-7,20,1,1,10,0.1
RP,2,-7,20,2,3,10,0.3
RP,2,-7,30,1,3,10,0.3
RP,2,-7,30,2,1,10,0.1
RP,2,-7,40,1,0,5,0
RP,2,-7,40,2,2,8,0.25
RP,2,-7,60,1,1,9,0.11
RP,2,-7,60,2,2,10,0.2
RP,2,-7,80,1,0,8,0
RP,2,-7,80,2,1,9,0.11
RP,2,-7,100,1,1,10,0.1
RP,2,-7,100,2,2,8,0.25
RP,2,-7,120,1,2,12,0.17
RP,2,-7,120,2,1,11,0.09
RP,2,-6,0,1,10,10,1
RP,2,-6,0,2,10,10,1
RP,2,-6,0,3,10,10,1
RP,2,-6,30,1,2,13,0.15
RP,2,-6,30,2,4,9,0.44
RP,2,-6,60,1,3,8,0.38
RP,2,-6,60,2,2,10,0.2
RP,2,-6,120,1,1,8,0.13
RP,2,-6,120,2,1,10,0.1
RP,2,-6,318,1,3,10,0.3
RP,2,-6,318,2,3,10,0.3
RP,2,-6,438,1,3,10,0.3
RP,2,-6,438,2,2,10,0.2
RP,2,-6,498,1,1,11,0.09
RP,2,-6,498,2,2,17,0.12
RP,2,-6,550,1,0,11,0
RP,2,-6,550,2,0,8,0
RP,2,-6,550,3,0,10,0
RP,2,-5,0,1,10,10,1
RP,2,-5,0,2,10,10,1
RP,2,-5,0,3,10,10,1
RP,2,-5,150,1,8,10,0.8
RP,2,-5,150,2,10,10,1
RP,2,-5,150,3,8,10,0.8
RP,2,-5,300,1,7,11,0.64
RP,2,-5,300,2,5,10,0.5
RP,2,-5,300,3,4,10,0.4
RP,2,-5,600,1,4,11,0.36
RP,2,-5,600,2,3,10,0.3
RP,2,-5,600,3,4,10,0.4
RP,2,-5,880,1,2,5,0.4
RP,2,-5,880,2,4,12,0.33
RP,2,-5,880,3,3,10,0.3
RP,2,-5,1150,1,0,10,0
RP,2,-5,1150,2,0,11,0
RP,2,-5,1150,3,0,11,0
RP,2,-5,1260,1,1,8,0.13
RP,2,-5,1260,2,0,10,0
RP,2,-5,1260,3,2,10,0.2
RP,2,-5,1440,1,0,10,0
RP,2,-5,1440,2,0,8,0
RP,2,-5,1440,3,0,10,0
RP,2,-4,0,1,10,10,1
RP,2,-4,0,2,10,10,1
RP,2,-4,0,3,10,10,1
RP,2,-4,180,1,10,12,0.83
RP,2,-4,180,2,10,12,0.83
RP,2,-4,180,3,8,10,0.8
RP,2,-4,300,1,8,10,0.8
RP,2,-4,300,2,4,7,0.57
RP,2,-4,420,1,10,10,1
RP,2,-4,420,2,10,10,1
RP,2,-4,660,1,3,4,0.75
RP,2,-4,660,2,6,10,0.6
RP,2,-4,780,1,10,10,1
RP,2,-4,780,2,7,11,0.64
RP,2,-4,830,1,5,10,0.5
RP,2,-4,830,2,5,11,0.45
RP,2,-4,830,3,4,10,0.4
RP,2,-4,1440,1,2,8,0.25
RP,2,-4,1440,2,2,10,0.2
RP,2,-4,1440,3,2,10,0.2
RP,2,-4,1800,1,2,10,0.2
RP,2,-4,1800,2,2,10,0.2
RP,2,-4,1800,3,1,10,0.1
RP,2,-4,2500,1,2,10,0.2
RP,2,-4,2500,2,4,12,0.33
RP,2,-4,2500,3,0,10,0
RP,2,-4,2880,1,0,10,0
RP,2,-4,2880,2,0,10,0
RP,2,-4,2880,3,0,10,0
RP,2,-3,0,1,10,10,1
RP,2,-3,0,2,10,10,1
RP,2,-3,0,3,10,10,1
RP,2,-3,229,1,9,11,0.82
RP,2,-3,229,2,11,13,0.85
RP,2,-3,444,1,8,10,0.8
RP,2,-3,444,2,8,10,0.8
RP,2,-3,604,1,8,9,0.89
RP,2,-3,604,2,6,9,0.67
RP,2,-3,659,1,9,11,0.82
RP,2,-3,659,2,7,8,0.88
RP,2,-3,1440,1,7,9,0.78
RP,2,-3,1440,2,3,5,0.6
RP,2,-3,1440,3,7,10,0.7
RP,2,-3,2880,1,6,11,0.55
RP,2,-3,2880,2,4,7,0.57
RP,2,-3,2880,3,5,10,0.5
RP,2,-3,4320,1,5,11,0.45
RP,2,-3,4320,2,4,7,0.57
RP,2,-3,4320,3,5,10,0.5
RP,2,-3,5760,1,4,8,0.5
RP,2,-3,5760,2,3,10,0.3
RP,2,-3,5760,3,1,9,0.11
RP,2,-3,7200,1,5,12,0.42
RP,2,-3,7200,2,3,12,0.25
RP,2,-3,7200,3,2,13,0.15
RP,2,-3,8640,1,0,11,0
RP,2,-3,8640,2,0,10,0
RP,2,-3,8640,3,0,10,0
RP,6,-11,0,1,10,10,1
RP,6,-11,0,2,10,10,1
RP,6,-11,0,3,10,10,1
RP,6,-11,1,1,0,8,0
RP,6,-11,1,2,2,10,0.2
RP,6,-11,2,1,1,9,0.11
RP,6,-11,2,2,1,9,0.11
RP,6,-11,3,1,1,9,0.11
RP,6,-11,3,2,0,10,0
RP,6,-11,5,1,0,10,0
RP,6,-11,5,2,2,10,0.2
RP,6,-11,8,1,1,11,0.09
RP,6,-11,8,2,0,9,0
RP,6,-11,10,1,1,8,0.13
RP,6,-11,10,2,0,13,0
RP,6,-11,12,1,0,10,0
RP,6,-11,12,2,0,8,0
RP,6,-10,0,1,10,10,1
RP,6,-10,0,2,10,10,1
RP,6,-10,0,3,10,10,1
RP,6,-10,2,1,10,10,1
RP,6,-10,2,2,3,10,0.3
RP,6,-10,5,1,1,10,0.1
RP,6,-10,5,2,0,10,0
RP,6,-10,8,1,0,10,0
RP,6,-10,8,2,0,10,0
RP,6,-10,10,1,0,8,0
RP,6,-10,10,2,0,11,0
RP,6,-10,15,1,2,10,0.2
RP,6,-10,15,2,0,10,0
RP,6,-10,20,1,0,11,0
RP,6,-10,20,2,0,10,0
RP,6,-9,0,1,10,10,1
RP,6,-9,0,2,10,10,1
RP,6,-9,0,3,10,10,1
RP,6,-9,2,1,2,11,0.18
RP,6,-9,2,2,5,10,0.5
RP,6,-9,5,1,2,10,0.2
RP,6,-9,5,2,4,8,0.5
RP,6,-9,8,1,2,10,0.2
RP,6,-9,8,2,4,10,0.4
RP,6,-9,10,1,2,8,0.25
RP,6,-9,10,2,3,10,0.3
RP,6,-9,15,1,4,10,0.4
RP,6,-9,15,2,1,9,0.11
RP,6,-9,20,1,0,9,0
RP,6,-9,20,2,3,10,0.3
RP,6,-9,30,1,2,11,0.18
RP,6,-9,30,2,1,10,0.1
RP,6,-9,30,3,4,10,0.4
RP,6,-9,40,1,0,10,0
RP,6,-9,40,2,0,8,0
RP,6,-9,40,3,0,10,0
RP,6,-8,0,1,10,10,1
RP,6,-8,0,2,10,10,1
RP,6,-8,0,3,10,10,1
RP,6,-8,5,1,4,10,0.4
RP,6,-8,5,2,1,8,0.13
RP,6,-8,5,3,1,6,0.17
RP,6,-8,10,1,8,12,0.67
RP,6,-8,10,2,5,10,0.5
RP,6,-8,10,3,7,11,0.64
RP,6,-8,20,1,2,10,0.2
RP,6,-8,20,2,2,10,0.2
RP,6,-8,30,1,1,10,0.1
RP,6,-8,30,2,3,9,0.33
RP,6,-8,40,1,4,9,0.44
RP,6,-8,40,2,3,8,0.38
RP,6,-8,40,3,2,11,0.18
RP,6,-8,50,1,0,10,0
RP,6,-8,50,2,3,10,0.3
RP,6,-8,60,1,2,11,0.18
RP,6,-8,60,2,2,9,0.22
RP,6,-8,60,3,5,10,0.5
RP,6,-8,80,1,4,9,0.44
RP,6,-8,80,2,4,12,0.33
RP,6,-8,80,3,3,10,0.3
RP,6,-8,120,1,3,10,0.3
RP,6,-8,120,2,1,10,0.1
RP,6,-8,120,3,2,10,0.2
RP,6,-8,150,1,1,10,0.1
RP,6,-8,150,2,1,10,0.1
RP,6,-8,150,3,0,10,0
RP,6,-8,180,1,0,10,0
RP,6,-8,180,2,0,10,0
RP,6,-8,180,3,0,10,0
RP,6,-7,0,1,10,10,1
RP,6,-7,0,2,10,10,1
RP,6,-7,0,3,10,10,1
RP,6,-7,20,1,7,9,0.78
RP,6,-7,20,2,5,10,0.5
RP,6,-7,20,3,6,10,0.6
RP,6,-7,40,1,7,11,0.64
RP,6,-7,40,2,3,10,0.3
RP,6,-7,60,1,6,11,0.55
RP,6,-7,60,2,6,9,0.67
RP,6,-7,60,3,4,10,0.4
RP,6,-7,80,1,3,9,0.33
RP,6,-7,80,2,3,10,0.3
RP,6,-7,100,1,3,13,0.23
RP,6,-7,100,2,3,10,0.3
RP,6,-7,120,1,1,10,0.1
RP,6,-7,120,2,6,10,0.6
RP,6,-7,150,1,4,10,0.4
RP,6,-7,150,2,2,10,0.2
RP,6,-7,180,1,4,11,0.36
RP,6,-7,180,2,3,9,0.33
RP,6,-7,210,1,6,14,0.43
RP,6,-7,210,2,4,10,0.4
RP,6,-7,240,1,3,8,0.38
RP,6,-7,240,2,3,13,0.23
RP,6,-7,240,3,0,10,0
RP,6,-7,300,1,0,10,0
RP,6,-7,300,2,0,10,0
RP,6,-7,300,3,0,9,0
RP,6,-6,0,1,10,10,1
RP,6,-6,0,2,10,10,1
RP,6,-6,0,3,10,10,1
RP,6,-6,30,1,11,12,0.92
RP,6,-6,30,2,7,9,0.78
RP,6,-6,30,3,7,10,0.7
RP,6,-6,60,1,2,6,0.33
RP,6,-6,60,2,8,10,0.8
RP,6,-6,90,1,4,10,0.4
RP,6,-6,90,2,4,8,0.5
RP,6,-6,120,1,7,10,0.7
RP,6,-6,120,2,8,10,0.8
RP,6,-6,150,1,8,11,0.73
RP,6,-6,150,2,7,9,0.78
RP,6,-6,180,1,5,9,0.56
RP,6,-6,180,2,1,10,0.1
RP,6,-6,180,3,6,10,0.6
RP,6,-6,180,4,4,10,0.4
RP,6,-6,210,1,6,10,0.6
RP,6,-6,210,2,5,9,0.56
RP,6,-6,240,1,2,9,0.22
RP,6,-6,240,2,5,10,0.5
RP,6,-6,300,1,2,9,0.22
RP,6,-6,300,2,3,10,0.3
RP,6,-6,300,3,2,10,0.2
RP,6,-6,360,1,2,14,0.14
RP,6,-6,360,2,4,10,0.4
RP,6,-6,400,1,4,10,0.4
RP,6,-6,400,2,4,9,0.44
RP,6,-6,400,3,3,7,0.43
RP,6,-6,460,1,3,10,0.3
RP,6,-6,460,2,1,10,0.1
RP,6,-6,460,3,1,10,0.1
RP,6,-6,500,1,0,10,0
RP,6,-6,500,2,1,10,0.1
RP,6,-6,500,3,0,10,0
RP,6,-6,550,1,0,10,0
RP,6,-6,550,2,4,10,0.4
RP,6,-6,550,3,2,10,0.2
RP,6,-6,600,1,0,10,0
RP,6,-6,600,2,0,9,0
RP,6,-6,600,3,0,10,0
RP,6,-5,0,1,10,10,1
RP,6,-5,0,2,10,10,1
RP,6,-5,0,3,10,10,1
RP,6,-5,60,1,7,10,0.7
RP,6,-5,60,2,2,7,0.29
RP,6,-5,60,3,4,10,0.4
RP,6,-5,120,1,6,9,0.67
RP,6,-5,120,2,6,11,0.55
RP,6,-5,230,1,5,10,0.5
RP,6,-5,230,2,6,13,0.46
RP,6,-5,230,3,5,10,0.5
RP,6,-5,965,1,3,10,0.3
RP,6,-5,965,2,4,10,0.4
RP,6,-5,1600,1,2,10,0.2
RP,6,-5,1600,2,1,10,0.1
RP,6,-5,1600,3,3,9,0.33
RP,6,-5,2000,1,0,10,0
RP,6,-5,2000,2,3,10,0.3
RP,6,-5,2000,3,2,10,0.2
RP,6,-5,2520,1,0,12,0
RP,6,-5,2520,2,0,9,0
RP,6,-5,2520,3,0,10,0
RP,6,-5,3140,1,0,10,0
RP,6,-5,3140,2,0,8,0
RP,6,-4,0,1,10,10,1
RP,6,-4,0,2,10,10,1
RP,6,-4,0,3,10,10,1
RP,6,-4,180,1,7,10,0.7
RP,6,-4,180,2,4,8,0.5
RP,6,-4,180,3,5,9,0.56
RP,6,-4,300,1,6,10,0.6
RP,6,-4,300,2,5,10,0.5
RP,6,-4,420,1,4,13,0.31
RP,6,-4,420,2,6,11,0.55
RP,6,-4,660,1,4,10,0.4
RP,6,-4,660,2,6,10,0.6
RP,6,-4,660,3,3,8,0.38
RP,6,-4,780,1,3,11,0.27
RP,6,-4,780,2,4,10,0.4
RP,6,-4,830,1,2,10,0.2
RP,6,-4,1440,1,3,11,0.27
RP,6,-4,1440,2,3,10,0.3
RP,6,-4,1440,3,3,9,0.33
RP,6,-4,2000,1,3,9,0.33
RP,6,-4,2000,2,2,8,0.25
RP,6,-4,2000,3,3,9,0.33
RP,6,-4,2520,1,2,10,0.2
RP,6,-4,2520,2,1,10,0.1
RP,6,-4,2520,3,1,10,0.1
RP,6,-4,3000,1,1,10,0.1
RP,6,-4,3000,2,0,10,0
RP,6,-4,3000,3,0,10,0
RP,12,-9,0,1,10,10,1
RP,12,-9,0,2,10,10,1
RP,12,-9,0,3,10,10,1
RP,12,-9,0.5,1,7,10,0.7
RP,12,-9,0.5,2,2,10,0.2
RP,12,-9,1,1,0,9,0
RP,12,-9,1,2,2,10,0.2
RP,12,-9,2,1,0,10,0
RP,12,-9,2,2,1,9,0.11
RP,12,-9,2,3,0,10,0
RP,12,-9,3,1,0,8,0
RP,12,-9,3,2,0,8,0
RP,12,-9,3,3,0,9,0
RP,12,-8,0,1,10,10,1
RP,12,-8,0,2,10,10,1
RP,12,-8,0,3,10,10,1
RP,12,-8,0.5,1,9,10,0.9
RP,12,-8,0.5,2,7,10,0.7
RP,12,-8,1,1,1,9,0.11
RP,12,-8,1,2,1,9,0.11
RP,12,-8,1.5,1,0,8,0
RP,12,-8,1.5,2,7,13,0.54
RP,12,-8,2,1,0,8,0
RP,12,-8,2,2,0,9,0
RP,12,-8,2,3,2,10,0.2
RP,12,-8,2,4,0,10,0
RP,12,-8,5,1,0,11,0
RP,12,-8,5,2,0,9,0
RP,12,-7,0,1,10,10,1
RP,12,-7,0,2,10,10,1
RP,12,-7,0,3,10,10,1
RP,12,-7,0.5,1,5,7,0.71
RP,12,-7,0.5,2,7,10,0.7
RP,12,-7,1,1,6,10,0.6
RP,12,-7,1,2,4,9,0.44
RP,12,-7,1.5,1,4,9,0.44
RP,12,-7,1.5,2,0,8,0
RP,12,-7,6,1,2,10,0.2
RP,12,-7,6,2,1,10,0.1
RP,12,-7,9,1,1,10,0.1
RP,12,-7,9,2,1,10,0.1
RP,12,-7,12,1,0,12,0
RP,12,-7,12,2,0,9,0
RP,12,-6,0,1,10,10,1
RP,12,-6,0,2,10,10,1
RP,12,-6,0,3,10,10,1
RP,12,-6,5,1,4,9,0.44
RP,12,-6,5,2,1,10,0.1
RP,12,-6,5,3,4,10,0.4
RP,12,-6,10,1,1,9,0.11
RP,12,-6,10,2,3,10,0.3
RP,12,-6,20,1,5,10,0.5
RP,12,-6,20,2,6,10,0.6
RP,12,-6,20,3,5,10,0.5
RP,12,-6,30,1,0,10,0
RP,12,-6,30,2,2,10,0.2
RP,12,-6,40,1,3,8,0.38
RP,12,-6,40,2,1,10,0.1
RP,12,-6,50,1,4,10,0.4
RP,12,-6,50,2,3,10,0.3
RP,12,-6,60,1,0,10,0
RP,12,-6,60,2,0,10,0
RP,12,-6,60,3,0,10,0
RP,12,-5,0,1,10,10,1
RP,12,-5,0,2,10,10,1
RP,12,-5,0,3,10,10,1
RP,12,-5,5,1,5,9,0.56
RP,12,-5,5,2,4,10,0.4
RP,12,-5,5,3,5,10,0.5
RP,12,-5,10,1,2,10,0.2
RP,12,-5,10,2,3,9,0.33
RP,12,-5,10,3,3,10,0.3
RP,12,-5,10,4,3,10,0.3
RP,12,-5,20,1,2,11,0.18
RP,12,-5,20,2,2,10,0.2
RP,12,-5,30,1,1,9,0.11
RP,12,-5,30,2,1,10,0.1
RP,12,-5,30,3,2,10,0.2
RP,12,-5,40,1,1,10,0.1
RP,12,-5,40,2,1,10,0.1
RP,12,-5,50,1,1,10,0.1
RP,12,-5,50,2,1,10,0.1
RP,12,-5,50,3,2,10,0.2
RP,12,-5,60,1,3,9,0.33
RP,12,-5,90,1,1,11,0.09
RP,12,-5,120,1,1,9,0.11
RP,12,-5,130,1,3,10,0.3
RP,12,-5,130,2,0,4,0
RP,12,-5,150,1,0,4,0
RP,12,-5,150,2,0,10,0
RP,12,-5,150,3,0,10,0
RP,12,-4,0,1,10,10,1
RP,12,-4,0,2,10,10,1
RP,12,-4,0,3,10,10,1
RP,12,-4,10,1,8,10,0.8
RP,12,-4,10,2,6,8,0.75
RP,12,-4,10,3,6,10,0.6
RP,12,-4,20,1,4,10,0.4
RP,12,-4,20,2,6,10,0.6
RP,12,-4,20,3,5,10,0.5
RP,12,-4,50,1,3,10,0.3
RP,12,-4,50,2,3,10,0.3
RP,12,-4,50,3,4,11,0.36
RP,12,-4,100,1,3,10,0.3
RP,12,-4,100,2,2,11,0.18
RP,12,-4,100,3,3,10,0.3
RP,12,-4,150,1,1,10,0.1
RP,12,-4,150,2,0,10,0
RP,12,-4,150,3,1,10,0.1
RP,12,-4,180,1,0,10,0
RP,12,-4,180,2,0,10,0
RP,12,-4,180,3,0,10,0
RP,12,-3,0,1,10,10,1
RP,12,-3,0,2,10,10,1
RP,12,-3,0,3,10,10,1
RP,12,-3,20,1,7,10,0.7
RP,12,-3,20,2,4,10,0.4
RP,12,-3,20,3,8,10,0.8
RP,12,-3,50,1,3,10,0.3
RP,12,-3,50,2,5,10,0.5
RP,12,-3,50,3,5,10,0.5
RP,12,-3,150,1,3,10,0.3
RP,12,-3,150,2,3,10,0.3
RP,12,-3,150,3,2,10,0.2
RP,12,-3,229,1,2,10,0.2
RP,12,-3,229,2,0,10,0
RP,12,-3,300,1,0,8,0
RP,12,-3,300,2,0,9,0
RP,12,-3,300,3,0,10,0
SA,2,-11,0,1,10,10,1
SA,2,-11,0,2,10,10,1
SA,2,-11,0,3,10,10,1
SA,2,-11,0.5,1,3,8,0.38
SA,2,-11,0.5,2,6,11,0.55
SA,2,-11,1,1,7,12,0.58
SA,2,-11,1,2,5,10,0.5
SA,2,-11,1,3,8,10,0.8
SA,2,-11,1,4,7,10,0.7
SA,2,-11,2,1,2,10,0.2
SA,2,-11,2,2,2,7,0.29
SA,2,-11,3,1,2,10,0.2
SA,2,-11,3,2,2,9,0.22
SA,2,-11,5,1,7,10,0.7
SA,2,-11,5,2,2,10,0.2
SA,2,-11,10,1,3,10,0.3
SA,2,-11,10,2,1,10,0.1
SA,2,-11,10,3,3,11,0.27
SA,2,-11,10,4,2,10,0.2
SA,2,-11,15,1,1,10,0.1
SA,2,-11,15,2,3,10,0.3
SA,2,-11,20,1,0,10,0
SA,2,-11,20,2,1,10,0.1
SA,2,-11,20,3,2,11,0.18
SA,2,-11,20,4,1,10,0.1
SA,2,-11,25,1,0,10,0
SA,2,-11,25,2,0,10,0
SA,2,-11,25,3,0,10,0
SA,2,-10,0,1,10,10,1
SA,2,-10,0,2,10,10,1
SA,2,-10,0,3,10,10,1
SA,2,-10,1,1,5,8,0.63
SA,2,-10,1,2,7,10,0.7
SA,2,-10,1,3,5,10,0.5
SA,2,-10,3,1,3,7,0.43
SA,2,-10,3,2,5,9,0.56
SA,2,-10,5,1,0,8,0
SA,2,-10,5,2,4,10,0.4
SA,2,-10,10,1,3,9,0.33
SA,2,-10,10,2,3,10,0.3
SA,2,-10,10,3,2,7,0.29
SA,2,-10,10,4,2,9,0.22
SA,2,-10,20,1,7,10,0.7
SA,2,-10,20,2,7,10,0.7
SA,2,-10,20,3,4,7,0.57
SA,2,-10,30,1,4,10,0.4
SA,2,-10,30,2,4,10,0.4
SA,2,-10,40,1,4,13,0.31
SA,2,-10,40,2,1,8,0.13
SA,2,-10,50,1,3,9,0.33
SA,2,-10,50,2,5,10,0.5
SA,2,-10,50,3,2,13,0.15
SA,2,-10,50,4,2,10,0.2
SA,2,-10,60,1,4,9,0.44
SA,2,-10,60,2,1,8,0.13
SA,2,-10,60,3,4,10,0.4
SA,2,-10,60,4,3,10,0.3
SA,2,-10,70,1,0,9,0
SA,2,-10,70,2,0,10,0
SA,2,-10,80,1,1,11,0.09
SA,2,-10,80,2,1,9,0.11
SA,2,-10,80,3,0,10,0
SA,2,-10,80,4,0,9,0
SA,2,-10,100,1,0,10,0
SA,2,-10,100,2,0,12,0
SA,2,-10,100,3,0,10,0
SA,2,-9,0,1,10,10,1
SA,2,-9,0,2,10,10,1
SA,2,-9,0,3,10,10,1
SA,2,-9,5,1,8,10,0.8
SA,2,-9,5,2,7,10,0.7
SA,2,-9,5,3,7,10,0.7
SA,2,-9,10,1,5,10,0.5
SA,2,-9,10,2,5,10,0.5
SA,2,-9,10,3,6,10,0.6
SA,2,-9,10,4,7,10,0.7
SA,2,-9,20,1,11,17,0.65
SA,2,-9,20,2,6,10,0.6
SA,2,-9,30,1,5,10,0.5
SA,2,-9,30,2,4,10,0.4
SA,2,-9,30,3,5,10,0.5
SA,2,-9,30,4,5,10,0.5
SA,2,-9,65,1,3,10,0.3
SA,2,-9,65,2,3,10,0.3
SA,2,-9,65,3,2,10,0.2
SA,2,-9,65,4,4,10,0.4
SA,2,-9,70,1,3,8,0.38
SA,2,-9,70,2,3,8,0.38
SA,2,-9,80,1,1,7,0.14
SA,2,-9,80,2,3,9,0.33
SA,2,-9,90,1,2,10,0.2
SA,2,-9,90,2,3,10,0.3
SA,2,-9,90,3,0,10,0
SA,2,-9,90,4,3,10,0.3
SA,2,-9,100,1,1,10,0.1
SA,2,-9,100,2,0,8,0
SA,2,-9,100,3,0,10,0
SA,2,-9,120,1,2,11,0.18
SA,2,-9,120,2,0,8,0
SA,2,-9,140,1,0,10,0
SA,2,-9,140,2,0,10,0
SA,2,-9,140,3,0,10,0
SA,2,-8,0,1,10,10,1
SA,2,-8,0,2,10,10,1
SA,2,-8,0,3,10,10,1
SA,2,-8,40,1,7,8,0.88
SA,2,-8,40,2,8,10,0.8
SA,2,-8,40,3,5,7,0.71
SA,2,-8,60,1,7,10,0.7
SA,2,-8,60,2,8,10,0.8
SA,2,-8,90,1,4,9,0.44
SA,2,-8,90,2,5,9,0.56
SA,2,-8,90,3,5,9,0.56
SA,2,-8,120,1,4,10,0.4
SA,2,-8,120,2,4,10,0.4
SA,2,-8,140,1,3,10,0.3
SA,2,-8,140,2,3,10,0.3
SA,2,-8,160,1,2,10,0.2
SA,2,-8,160,2,2,9,0.22
SA,2,-8,160,3,3,8,0.38
SA,2,-8,180,1,0,10,0
SA,2,-8,180,2,1,9,0.11
SA,2,-8,180,3,1,10,0.1
SA,2,-8,180,4,1,10,0.1
SA,2,-8,200,1,1,12,0.08
SA,2,-8,200,2,0,10,0
SA,2,-8,200,3,1,11,0.09
SA,2,-8,240,1,0,10,0
SA,2,-8,240,2,0,10,0
SA,2,-8,240,3,0,10,0
SA,2,-7,0,1,10,10,1
SA,2,-7,0,2,10,10,1
SA,2,-7,0,3,10,10,1
SA,2,-7,60,1,10,10,1
SA,2,-7,60,2,9,10,0.9
SA,2,-7,60,3,10,10,1
SA,2,-7,80,1,8,10,0.8
SA,2,-7,80,2,9,10,0.9
SA,2,-7,80,3,8,10,0.8
SA,2,-7,105,1,6,10,0.6
SA,2,-7,105,2,6,10,0.6
SA,2,-7,150,1,6,10,0.6
SA,2,-7,150,2,6,10,0.6
SA,2,-7,150,3,7,10,0.7
SA,2,-7,195,1,5,10,0.5
SA,2,-7,195,2,4,10,0.4
SA,2,-7,240,1,2,10,0.2
SA,2,-7,240,2,3,10,0.3
SA,2,-7,240,3,3,10,0.3
SA,2,-7,285,1,0,10,0
SA,2,-7,285,2,2,10,0.2
SA,2,-7,285,3,0,12,0
SA,2,-7,300,1,1,10,0.1
SA,2,-7,300,2,0,10,0
SA,2,-7,330,1,1,12,0.08
SA,2,-7,330,2,0,10,0
SA,2,-7,350,1,0,10,0
SA,2,-7,350,2,0,10,0
SA,2,-7,350,3,0,10,0
SA,2,-6,0,1,10,10,1
SA,2,-6,0,2,10,10,1
SA,2,-6,0,3,10,10,1
SA,2,-6,720,1,8,10,0.8
SA,2,-6,720,2,9,10,0.9
SA,2,-6,720,3,9,10,0.9
SA,2,-6,1440,1,7,11,0.64
SA,2,-6,1440,2,6,10,0.6
SA,2,-6,1440,3,6,9,0.67
SA,2,-6,2100,1,5,11,0.45
SA,2,-6,2100,2,6,10,0.6
SA,2,-6,2100,3,6,13,0.46
SA,2,-6,2880,1,5,10,0.5
SA,2,-6,2880,2,6,11,0.55
SA,2,-6,2880,3,4,9,0.44
SA,2,-6,3200,1,0,11,0
SA,2,-6,3200,2,1,10,0.1
SA,2,-6,3200,3,0,12,0
SA,2,-6,4200,1,0,10,0
SA,2,-6,4200,2,0,10,0
SA,2,-6,4200,3,0,11,0
SA,2,-5,0,1,10,10,1
SA,2,-5,0,2,10,10,1
SA,2,-5,0,3,10,10,1
SA,2,-5,390,1,3,9,0.33
SA,2,-5,390,2,7,9,0.78
SA,2,-5,390,3,9,10,0.9
SA,2,-5,1800,1,4,8,0.5
SA,2,-5,1800,2,3,9,0.33
SA,2,-5,1800,3,4,11,0.36
SA,2,-5,2880,1,2,10,0.2
SA,2,-5,2880,2,6,10,0.6
SA,2,-5,2880,3,4,12,0.33
SA,2,-5,4320,1,0,10,0
SA,2,-5,4320,2,1,10,0.1
SA,2,-5,4320,3,0,11,0
SA,2,-5,5760,1,0,11,0
SA,2,-5,5760,2,0,11,0
SA,2,-5,5760,3,0,9,0
SA,6,-11,0,1,10,10,1
SA,6,-11,0,2,10,10,1
SA,6,-11,0,3,10,10,1
SA,6,-11,3,1,8,10,0.8
SA,6,-11,3,2,7,10,0.7
SA,6,-11,3,3,4,8,0.5
SA,6,-11,3,4,4,10,0.4
SA,6,-11,4,1,2,10,0.2
SA,6,-11,4,2,2,6,0.33
SA,6,-11,5,1,4,10,0.4
SA,6,-11,5,2,4,10,0.4
SA,6,-11,5,3,2,7,0.29
SA,6,-11,5,4,3,7,0.43
SA,6,-11,8,1,0,5,0
SA,6,-11,8,2,1,9,0.11
SA,6,-11,10,1,0,10,0
SA,6,-11,10,2,0,10,0
SA,6,-11,10,3,0,4,0
SA,6,-11,10,4,0,9,0
SA,6,-11,15,1,0,10,0
SA,6,-11,15,2,1,12,0.08
SA,6,-11,20,1,0,10,0
SA,6,-11,20,2,0,10,0
SA,6,-10,0,1,10,10,1
SA,6,-10,0,2,10,10,1
SA,6,-10,0,3,10,10,1
SA,6,-10,2,1,6,10,0.6
SA,6,-10,5,1,0,7,0
SA,6,-10,5,2,3,10,0.3
SA,6,-10,5,3,7,9,0.78
SA,6,-10,5,4,4,10,0.4
SA,6,-10,10,1,0,10,0
SA,6,-10,10,2,5,10,0.5
SA,6,-10,20,1,3,9,0.33
SA,6,-10,20,2,3,9,0.33
SA,6,-10,30,1,0,8,0
SA,6,-10,30,2,0,8,0
SA,6,-10,30,3,3,8,0.38
SA,6,-10,30,4,6,10,0.6
SA,6,-10,60,1,6,10,0.6
SA,6,-10,60,2,7,11,0.64
SA,6,-10,60,3,2,10,0.2
SA,6,-10,60,4,2,10,0.2
SA,6,-10,70,1,6,10,0.6
SA,6,-10,70,2,4,6,0.67
SA,6,-10,80,1,2,10,0.2
SA,6,-10,80,2,4,9,0.44
SA,6,-10,90,1,3,10,0.3
SA,6,-10,90,2,3,9,0.33
SA,6,-10,110,1,2,10,0.2
SA,6,-10,110,2,0,10,0
SA,6,-10,110,3,0,9,0
SA,6,-10,110,4,0,8,0
SA,6,-9,0,1,10,10,1
SA,6,-9,0,2,10,10,1
SA,6,-9,0,3,10,10,1
SA,6,-9,5,1,9,10,0.9
SA,6,-9,5,2,3,10,0.3
SA,6,-9,10,1,5,10,0.5
SA,6,-9,10,2,3,5,0.6
SA,6,-9,20,1,6,13,0.46
SA,6,-9,20,2,7,14,0.5
SA,6,-9,20,3,5,10,0.5
SA,6,-9,20,4,3,8,0.38
SA,6,-9,30,1,5,10,0.5
SA,6,-9,30,2,5,10,0.5
SA,6,-9,35,1,5,12,0.42
SA,6,-9,35,2,3,10,0.3
SA,6,-9,50,1,3,8,0.38
SA,6,-9,50,2,3,9,0.33
SA,6,-9,50,3,5,12,0.42
SA,6,-9,50,4,5,12,0.42
SA,6,-9,50,5,1,9,0.11
SA,6,-9,50,6,1,10,0.1
SA,6,-9,70,1,3,9,0.33
SA,6,-9,70,2,2,10,0.2
SA,6,-9,80,1,5,10,0.5
SA,6,-9,80,2,8,10,0.8
SA,6,-9,80,3,2,10,0.2
SA,6,-9,80,4,2,10,0.2
SA,6,-9,80,5,0,10,0
SA,6,-9,80,6,0,8,0
SA,6,-9,90,1,5,10,0.5
SA,6,-9,90,2,4,9,0.44
SA,6,-9,90,3,3,10,0.3
SA,6,-9,100,1,4,10,0.4
SA,6,-9,100,2,3,9,0.33
SA,6,-9,120,1,3,9,0.33
SA,6,-9,120,2,5,10,0.5
SA,6,-9,120,3,1,10,0.1
SA,6,-9,120,4,2,12,0.17
SA,6,-9,120,5,2,12,0.17
SA,6,-9,140,1,5,9,0.56
SA,6,-9,140,2,3,10,0.3
SA,6,-9,160,1,4,9,0.44
SA,6,-9,160,2,3,10,0.3
SA,6,-9,200,1,2,10,0.2
SA,6,-9,200,2,2,10,0.2
SA,6,-9,200,3,0,11,0
SA,6,-9,200,4,0,8,0
SA,6,-8,0,1,10,10,1
SA,6,-8,0,2,10,10,1
SA,6,-8,0,3,10,10,1
SA,6,-8,30,1,6,10,0.6
SA,6,-8,50,1,7,10,0.7
SA,6,-8,50,2,9,10,0.9
SA,6,-8,50,3,8,10,0.8
SA,6,-8,100,1,8,11,0.73
SA,6,-8,100,2,7,11,0.64
SA,6,-8,130,1,7,10,0.7
SA,6,-8,130,2,6,10,0.6
SA,6,-8,160,1,4,10,0.4
SA,6,-8,160,2,6,10,0.6
SA,6,-8,160,3,5,10,0.5
SA,6,-8,160,4,4,10,0.4
SA,6,-8,180,1,3,10,0.3
SA,6,-8,180,2,3,10,0.3
SA,6,-8,200,1,2,10,0.2
SA,6,-8,200,2,3,10,0.3
SA,6,-8,200,3,5,12,0.42
SA,6,-8,240,1,0,10,0
SA,6,-8,240,2,0,10,0
SA,6,-8,240,3,0,8,0
SA,6,-7,0,1,10,10,1
SA,6,-7,0,2,10,10,1
SA,6,-7,0,3,10,10,1
SA,6,-7,165,1,9,9,1
SA,6,-7,165,2,12,12,1
SA,6,-7,220,1,8,9,0.89
SA,6,-7,220,2,7,7,1
SA,6,-7,270,1,11,11,1
SA,6,-7,270,2,7,8,0.88
SA,6,-7,330,1,8,8,1
SA,6,-7,330,2,9,10,0.9
SA,6,-7,390,1,8,8,1
SA,6,-7,390,2,9,10,0.9
SA,6,-7,450,1,9,10,0.9
SA,6,-7,450,2,10,10,1
SA,6,-7,720,1,8,10,0.8
SA,6,-7,720,2,8,10,0.8
SA,6,-7,940,1,7,10,0.7
SA,6,-7,940,2,8,10,0.8
SA,6,-7,940,3,4,8,0.5
SA,6,-7,940,4,5,10,0.5
SA,6,-7,1222,1,7,10,0.7
SA,6,-7,1222,2,8,10,0.8
SA,6,-7,1320,1,6,10,0.6
SA,6,-7,1320,2,5,10,0.5
SA,6,-7,1440,1,6,10,0.6
SA,6,-7,1440,2,6,11,0.55
SA,6,-7,1530,1,3,9,0.33
SA,6,-7,1680,1,5,10,0.5
SA,6,-7,1680,2,4,9,0.44
SA,6,-7,1680,3,2,9,0.22
SA,6,-7,1680,4,2,10,0.2
SA,6,-7,1800,1,4,7,0.57
SA,6,-7,2500,1,2,9,0.22
SA,6,-7,2500,2,2,10,0.2
SA,6,-7,2500,3,2,10,0.2
SA,6,-7,3000,1,0,10,0
SA,6,-7,3000,2,0,10,0
SA,6,-7,3000,3,0,10,0
SA,6,-6,0,1,10,10,1
SA,6,-6,0,2,10,10,1
SA,6,-6,0,3,10,10,1
SA,6,-6,1320,1,8,10,0.8
SA,6,-6,1320,2,6,8,0.75
SA,6,-6,1320,3,10,10,1
SA,6,-6,1800,1,9,9,1
SA,6,-6,1800,2,8,10,0.8
SA,6,-6,1800,3,8,9,0.89
SA,6,-6,2100,1,6,7,0.86
SA,6,-6,2100,2,6,6,1
SA,6,-6,2100,3,4,8,0.5
SA,6,-6,2880,1,9,11,0.82
SA,6,-6,2880,2,7,8,0.88
SA,6,-6,2880,3,6,8,0.75
SA,6,-6,3360,1,4,6,0.67
SA,6,-6,3360,2,1,4,0.25
SA,6,-6,3360,3,5,10,0.5
SA,6,-6,4200,1,0,8,0
SA,6,-6,4200,2,0,6,0
SA,6,-6,4200,3,1,8,0.13
SA,6,-6,4590,1,1,8,0.13
SA,6,-6,4590,2,1,10,0.1
SA,6,-6,4590,3,0,9,0
SA,6,-6,4860,1,2,10,0.2
SA,6,-6,4860,2,1,9,0.11
SA,6,-6,4860,3,0,10,0
SA,6,-5,0,1,10,10,1
SA,6,-5,0,2,10,10,1
SA,6,-5,0,3,10,10,1
SA,6,-5,390,1,10,10,1
SA,6,-5,1020,1,5,7,0.71
SA,6,-5,1200,1,8,8,1
SA,6,-5,1440,1,7,7,1
SA,6,-5,1440,2,8,9,0.89
SA,6,-5,1440,3,8,9,0.89
SA,6,-5,1440,4,7,7,1
SA,6,-5,1800,1,8,8,1
SA,6,-5,2880,1,6,8,0.75
SA,6,-5,2880,2,9,10,0.9
SA,6,-5,2880,3,8,10,0.8
SA,6,-5,3517,1,7,8,0.88
SA,6,-5,3517,2,9,9,1
SA,6,-5,3517,3,5,8,0.63
SA,6,-5,4320,1,6,10,0.6
SA,6,-5,4320,2,8,10,0.8
SA,6,-5,4320,3,3,8,0.38
SA,6,-5,4680,1,1,8,0.13
SA,6,-5,4680,2,2,11,0.18
SA,6,-5,4680,3,2,10,0.2
SA,6,-5,5880,1,0,10,0
SA,6,-5,5880,2,0,10,0
SA,6,-5,6000,1,0,10,0
SA,6,-5,6000,2,0,10,0
SA,6,-5,6000,3,0,10,0
SA,12,-11,0,1,10,10,1
SA,12,-11,0,2,10,10,1
SA,12,-11,0,3,10,10,1
SA,12,-11,1,1,9,10,0.9
SA,12,-11,2,1,8,10,0.8
SA,12,-11,2,2,10,10,1
SA,12,-11,3,1,0,10,0
SA,12,-11,3,2,2,10,0.2
SA,12,-11,3,3,2,9,0.22
SA,12,-11,3,4,3,10,0.3
SA,12,-11,4,1,0,10,0
SA,12,-11,4,2,0,10,0
SA,12,-11,5,1,1,10,0.1
SA,12,-11,5,2,1,10,0.1
SA,12,-11,6,1,1,10,0.1
SA,12,-11,7,1,0,10,0
SA,12,-11,8,1,0,10,0
SA,12,-11,10,1,0,10,0
SA,12,-11,10,2,2,11,0.18
SA,12,-11,12,1,0,10,0
SA,12,-11,15,1,0,10,0
SA,12,-11,15,2,2,10,0.2
SA,12,-11,20,1,0,10,0
SA,12,-11,20,2,1,10,0.1
SA,12,-10,0,1,10,10,1
SA,12,-10,0,2,10,10,1
SA,12,-10,0,3,10,10,1
SA,12,-10,1,1,3,9,0.33
SA,12,-10,1,2,8,10,0.8
SA,12,-10,1,3,8,10,0.8
SA,12,-10,2,1,4,11,0.36
SA,12,-10,2,2,6,10,0.6
SA,12,-10,2,3,5,10,0.5
SA,12,-10,3,1,0,10,0
SA,12,-10,3,2,0,10,0
SA,12,-10,3,3,3,10,0.3
SA,12,-10,3,4,3,10,0.3
SA,12,-10,3,5,4,10,0.4
SA,12,-10,5,1,4,10,0.4
SA,12,-10,5,2,4,10,0.4
SA,12,-10,5,3,3,10,0.3
SA,12,-10,10,1,4,10,0.4
SA,12,-10,10,2,1,10,0.1
SA,12,-10,15,1,3,10,0.3
SA,12,-10,20,1,3,10,0.3
SA,12,-10,20,2,3,10,0.3
SA,12,-10,50,1,1,10,0.1
SA,12,-10,50,2,0,9,0
SA,12,-10,50,3,0,10,0
SA,12,-10,50,4,0,10,0
SA,12,-9,0,1,10,10,1
SA,12,-9,0,2,10,10,1
SA,12,-9,0,3,10,10,1
SA,12,-9,5,1,8,10,0.8
SA,12,-9,5,2,9,10,0.9
SA,12,-9,5,3,9,10,0.9
SA,12,-9,10,1,6,10,0.6
SA,12,-9,10,2,5,10,0.5
SA,12,-9,10,3,7,10,0.7
SA,12,-9,20,1,4,10,0.4
SA,12,-9,20,2,5,10,0.5
SA,12,-9,30,1,5,6,0.83
SA,12,-9,40,1,6,10,0.6
SA,12,-9,40,2,6,10,0.6
SA,12,-9,60,1,6,10,0.6
SA,12,-9,60,2,4,10,0.4
SA,12,-9,80,1,5,10,0.5
SA,12,-9,80,2,5,10,0.5
SA,12,-9,100,1,3,10,0.3
SA,12,-9,100,2,4,10,0.4
SA,12,-9,120,1,2,10,0.2
SA,12,-9,120,2,1,10,0.1
SA,12,-9,150,1,0,10,0
SA,12,-9,150,2,0,10,0
SA,12,-8,0,1,10,10,1
SA,12,-8,0,2,10,10,1
SA,12,-8,0,3,10,10,1
SA,12,-8,60,1,6,10,0.6
SA,12,-8,60,2,8,10,0.8
SA,12,-8,80,1,7,10,0.7
SA,12,-8,80,2,6,10,0.6
SA,12,-8,100,1,7,10,0.7
SA,12,-8,100,2,6,10,0.6
SA,12,-8,120,1,5,8,0.63
SA,12,-8,120,2,4,10,0.4
SA,12,-8,120,3,3,10,0.3
SA,12,-8,120,4,3,10,0.3
SA,12,-8,150,1,1,9,0.11
SA,12,-8,150,2,2,10,0.2
SA,12,-8,180,1,3,10,0.3
SA,12,-8,180,2,4,10,0.4
SA,12,-8,220,1,2,10,0.2
SA,12,-8,220,2,4,10,0.4
SA,12,-8,260,1,0,10,0
SA,12,-8,260,2,3,10,0.3
SA,12,-8,300,1,0,10,0
SA,12,-8,300,2,1,10,0.1
SA,12,-8,330,1,2,10,0.2
SA,12,-8,330,2,2,10,0.2
SA,12,-8,360,1,5,10,0.5
SA,12,-8,360,2,4,10,0.4
SA,12,-8,400,1,1,10,0.1
SA,12,-8,400,2,3,10,0.3
SA,12,-8,600,1,1,10,0.1
SA,12,-8,600,2,1,10,0.1
SA,12,-8,600,3,0,10,0
SA,12,-7,0,1,10,10,1
SA,12,-7,0,2,10,10,1
SA,12,-7,0,3,10,10,1
SA,12,-7,80,1,8,10,0.8
SA,12,-7,80,2,9,10,0.9
SA,12,-7,120,1,9,10,0.9
SA,12,-7,165,1,8,10,0.8
SA,12,-7,205,1,8,10,0.8
SA,12,-7,205,2,7,10,0.7
SA,12,-7,270,1,5,10,0.5
SA,12,-7,270,2,3,10,0.3
SA,12,-7,330,1,5,10,0.5
SA,12,-7,330,2,6,10,0.6
SA,12,-7,390,1,5,10,0.5
SA,12,-7,390,2,5,10,0.5
SA,12,-7,600,1,5,11,0.45
SA,12,-7,600,2,6,10,0.6
SA,12,-7,600,3,5,10,0.5
SA,12,-7,1000,1,6,10,0.6
SA,12,-7,1000,2,5,10,0.5
SA,12,-7,1000,3,5,10,0.5
SA,12,-7,1530,1,4,10,0.4
SA,12,-7,1680,1,5,10,0.5
SA,12,-7,1800,1,4,10,0.4
SA,12,-7,1800,2,6,10,0.6
SA,12,-7,1800,3,5,10,0.5
SA,12,-7,2160,1,3,10,0.3
SA,12,-7,2160,2,3,11,0.27
SA,12,-7,2160,3,3,10,0.3
SA,12,-7,2500,1,2,10,0.2
SA,12,-7,2500,2,2,10,0.2
SA,12,-7,2500,3,3,10,0.3
SA,12,-7,3000,1,1,10,0.1
SA,12,-7,3000,2,2,10,0.2
SA,12,-7,3000,3,0,10,0
SA,12,-6,0,1,10,10,1
SA,12,-6,0,2,10,10,1
SA,12,-6,0,3,10,10,1
SA,12,-6,1440,1,7,10,0.7
SA,12,-6,1440,2,6,9,0.67
SA,12,-6,1440,3,10,10,1
SA,12,-6,2000,1,7,11,0.64
SA,12,-6,2000,2,6,12,0.5
SA,12,-6,2000,3,7,10,0.7
SA,12,-6,2880,1,4,8,0.5
SA,12,-6,2880,2,3,9,0.33
SA,12,-6,2880,3,6,10,0.6
SA,12,-6,3200,1,4,10,0.4
SA,12,-6,3200,2,4,9,0.44
SA,12,-6,3200,3,5,10,0.5
SA,12,-6,3800,1,2,10,0.2
SA,12,-6,3800,2,2,8,0.25
SA,12,-6,3800,3,0,9,0
SA,12,-6,4200,1,0,10,0
SA,12,-6,4200,2,0,8,0
SA,12,-6,4200,3,0,7,0
SA,12,-5,0,1,10,10,1
SA,12,-5,0,2,10,10,1
SA,12,-5,0,3,10,10,1
SA,12,-5,2000,1,7,11,0.64
SA,12,-5,2000,2,9,10,0.9
SA,12,-5,2000,3,9,10,0.9
SA,12,-5,2880,1,7,10,0.7
SA,12,-5,2880,2,8,10,0.8
SA,12,-5,2880,3,6,10,0.6
SA,12,-5,3500,1,6,8,0.75
SA,12,-5,3500,2,5,10,0.5
SA,12,-5,3500,3,4,8,0.5
SA,12,-5,4680,1,3,11,0.27
SA,12,-5,4680,2,2,10,0.2
SA,12,-5,4680,3,2,9,0.22
SA,12,-5,5880,1,1,9,0.11
SA,12,-5,5880,2,0,8,0
SA,12,-5,5880,3,1,10,0.1
SA,12,-5,6000,1,0,10,0
SA,12,-5,6000,2,0,10,0
SA,12,-5,6000,3,0,10,0
